id,name,nameEn,level,category,rawCategory,district,district18,curriculumV2,instructionLanguages,tuitionMin,tuitionMax
"edb_602329000111","ABC PATHWAYS INTERNATIONAL KINDERGARTEN","ABC PATHWAYS INTERNATIONAL KINDERGARTEN","幼稚園","國際","私立","港島","東區","","",0,0
"edb_602329000112","ABC PATHWAYS INTERNATIONAL KINDERGARTEN","ABC PATHWAYS INTERNATIONAL KINDERGARTEN","幼稚園","國際","私立","港島","東區","","",0,0
"edb_603864000211","ABC PATHWAYS INTERNATIONAL KINDERGARTEN (WHAMPOA GARDEN)","ABC PATHWAYS INTERNATIONAL KINDERGARTEN (WHAMPOA GARDEN)","幼稚園","國際","私立","九龍","九龍城區","","",0,0
"edb_603864000212","ABC PATHWAYS INTERNATIONAL KINDERGARTEN (WHAMPOA GARDEN)","ABC PATHWAYS INTERNATIONAL KINDERGARTEN (WHAMPOA GARDEN)","幼稚園","國際","私立","九龍","九龍城區","","",0,0
"edb_603864000213","ABC PATHWAYS INTERNATIONAL KINDERGARTEN (WHAMPOA GARDEN)","ABC PATHWAYS INTERNATIONAL KINDERGARTEN (WHAMPOA GARDEN)","幼稚園","國際","私立","九龍","九龍城區","","",0,0
"edb_287695000213","美國國際學校","AMERICAN INTERNATIONAL SCHOOL","幼稚園","國際","私立","九龍","九龍城區","","",97000,146800
"edb_287695000211","美國國際學校","AMERICAN INTERNATIONAL SCHOOL","幼稚園","國際","私立","九龍","九龍城區","","",97000,146800
"edb_287695000223","美國國際學校","AMERICAN INTERNATIONAL SCHOOL","小學","國際","私立","九龍","九龍城區","AMERICAN","ENGLISH",164400,164400
"edb_287695000233","美國國際學校","AMERICAN INTERNATIONAL SCHOOL","中學","國際","私立","九龍","九龍城區","AMERICAN","ENGLISH",180400,180400
"edb_527882000123","AMERICAN INTERNATIONAL SCHOOL (PRIMARY BRANCH)","AMERICAN INTERNATIONAL SCHOOL (PRIMARY BRANCH)","小學","國際","私立","九龍","九龍城區","AMERICAN","ENGLISH",152800,152800
"edb_603902000123","AMERICAN SCHOOL HONG KONG","AMERICAN SCHOOL HONG KONG","小學","國際","私立","新界","大埔區","AMERICAN","ENGLISH",0,0
"edb_603902000133","AMERICAN SCHOOL HONG KONG","AMERICAN SCHOOL HONG KONG","中學","國際","私立","新界","大埔區","AMERICAN","ENGLISH",0,0
"edb_622060000112","安基司學校附屬國際幼稚園","ANCHORS ACADEMY AFFILIATED INTERNATIONAL KINDERGARTEN","幼稚園","國際","私立","新界","元朗區","","",0,0
"edb_622060000113","安基司學校附屬國際幼稚園","ANCHORS ACADEMY AFFILIATED INTERNATIONAL KINDERGARTEN","幼稚園","國際","私立","新界","元朗區","","",0,0
"edb_622060000111","安基司學校附屬國際幼稚園","ANCHORS ACADEMY AFFILIATED INTERNATIONAL KINDERGARTEN","幼稚園","國際","私立","新界","元朗區","","",0,0
"edb_565199000212","安基司國際幼兒園","ANCHORS INTERNATIONAL NURSERY","幼稚園","國際","私立","新界","大埔區","","",0,0
"edb_565199000211","安基司國際幼兒園","ANCHORS INTERNATIONAL NURSERY","幼稚園","國際","私立","新界","大埔區","","",0,0
"edb_565199000213","安基司國際幼兒園","ANCHORS INTERNATIONAL NURSERY","幼稚園","國際","私立","新界","大埔區","","",0,0
"edb_565199000113","安基司國際幼兒園","ANCHORS INTERNATIONAL NURSERY","幼稚園","國際","私立","新界","大埔區","","",0,0
"edb_565199000111","安基司國際幼兒園","ANCHORS INTERNATIONAL NURSERY","幼稚園","國際","私立","新界","大埔區","","",0,0
"edb_565199000112","安基司國際幼兒園","ANCHORS INTERNATIONAL NURSERY","幼稚園","國際","私立","新界","大埔區","","",0,0
"edb_535818000312","安菲爾國際幼稚園","ANFIELD INTERNATIONAL KINDERGARTEN","幼稚園","國際","私立","九龍","九龍城區","","",0,0
"edb_535818000311","安菲爾國際幼稚園","ANFIELD INTERNATIONAL KINDERGARTEN","幼稚園","國際","私立","九龍","九龍城區","","",0,0
"edb_535818000313","安菲爾國際幼稚園","ANFIELD INTERNATIONAL KINDERGARTEN","幼稚園","國際","私立","九龍","九龍城區","","",0,0
"edb_535818000211","安菲爾國際幼稚園","ANFIELD INTERNATIONAL KINDERGARTEN","幼稚園","國際","私立","九龍","九龍城區","","",0,0
"edb_535818000212","安菲爾國際幼稚園","ANFIELD INTERNATIONAL KINDERGARTEN","幼稚園","國際","私立","九龍","九龍城區","","",0,0
"edb_535818000213","安菲爾國際幼稚園","ANFIELD INTERNATIONAL KINDERGARTEN","幼稚園","國際","私立","九龍","九龍城區","","",0,0
"edb_587567000123","安菲爾學校","ANFIELD SCHOOL","小學","國際","私立","新界","沙田區","HK_LOCAL","ENGLISH;CANTONESE",0,0
"edb_620785000123","安菲爾聖鮑思高冠英學校","ANFIELD ST. BOSCO KOON YING SCHOOL","小學","國際","私立","新界","元朗區","HK_LOCAL","ENGLISH;CANTONESE",0,0
"edb_604470000111","雅士圖國際幼稚園","ARISTLE INTERNATIONAL KINDERGARTEN","幼稚園","國際","私立","九龍","深水埗區","","",0,0
"edb_604470000112","雅士圖國際幼稚園","ARISTLE INTERNATIONAL KINDERGARTEN","幼稚園","國際","私立","九龍","深水埗區","","",0,0
"edb_216275000612","香港澳洲國際學校","AUSTRALIAN INTERNATIONAL SCHOOL HONG KONG","幼稚園","國際","私立","九龍","九龍城區","","",148800,173800
"edb_216275000613","香港澳洲國際學校","AUSTRALIAN INTERNATIONAL SCHOOL HONG KONG","幼稚園","國際","私立","九龍","九龍城區","","",148800,173800
"edb_216275000611","香港澳洲國際學校","AUSTRALIAN INTERNATIONAL SCHOOL HONG KONG","幼稚園","國際","私立","九龍","九龍城區","","",148800,173800
"edb_216275000623","香港澳洲國際學校","AUSTRALIAN INTERNATIONAL SCHOOL HONG KONG","小學","國際","私立","九龍","九龍城區","AUSTRALIAN","ENGLISH",148800,173800
"edb_216275000633","香港澳洲國際學校","AUSTRALIAN INTERNATIONAL SCHOOL HONG KONG","中學","國際","私立","九龍","九龍城區","AUSTRALIAN","ENGLISH",200500,252800
"edb_170348000123","BEACON HILL SCHOOL","BEACON HILL SCHOOL","小學","國際","私立","九龍","九龍城區","BRITISH","ENGLISH",139000,139000
"edb_559415000112","博士山（香港）國際幼稚園","BOX HILL (HK) INTERNATIONAL KINDERGARTEN","幼稚園","國際","私立","新界","沙田區","","",77000,79200
"edb_559415000111","博士山（香港）國際幼稚園","BOX HILL (HK) INTERNATIONAL KINDERGARTEN","幼稚園","國際","私立","新界","沙田區","","",77000,79200
"edb_581836000212","博士山(香港)國際幼稚園-將軍澳","BOX HILL (HK) INTERNATIONAL KINDERGARTEN - TSEUNG KWAN O","幼稚園","國際","私立","新界","西貢區","","",74800,78100
"edb_581836000213","博士山(香港)國際幼稚園-將軍澳","BOX HILL (HK) INTERNATIONAL KINDERGARTEN - TSEUNG KWAN O","幼稚園","國際","私立","新界","西貢區","","",74800,78100
"edb_581836000211","博士山(香港)國際幼稚園-將軍澳","BOX HILL (HK) INTERNATIONAL KINDERGARTEN - TSEUNG KWAN O","幼稚園","國際","私立","新界","西貢區","","",74800,78100
"edb_581739000212","博士山(香港)國際幼稚園-火炭","BOX HILL (HK) INTERNATIONAL KINDERGARTEN-FO TAN","幼稚園","國際","私立","新界","沙田區","","",77000,79200
"edb_581739000211","博士山(香港)國際幼稚園-火炭","BOX HILL (HK) INTERNATIONAL KINDERGARTEN-FO TAN","幼稚園","國際","私立","新界","沙田區","","",77000,79200
"edb_581739000112","博士山（香港）國際幼稚園－火炭","BOX HILL (HK) INTERNATIONAL KINDERGARTEN-FO TAN","幼稚園","國際","私立","新界","沙田區","","",77000,79200
"edb_581739000111","博士山（香港）國際幼稚園－火炭","BOX HILL (HK) INTERNATIONAL KINDERGARTEN-FO TAN","幼稚園","國際","私立","新界","沙田區","","",77000,79200
"edb_170747000123","白普理小學","BRADBURY SCHOOL","小學","國際","私立","港島","灣仔區","BRITISH","ENGLISH",139000,139000
"edb_216011000512","加拿大國際學校","CANADIAN INTERNATIONAL SCHOOL","幼稚園","國際","私立","港島","南區","","",156300,203100
"edb_216011000511","加拿大國際學校","CANADIAN INTERNATIONAL SCHOOL","幼稚園","國際","私立","港島","南區","","",156300,203100
"edb_216011000611","加拿大國際學校","CANADIAN INTERNATIONAL SCHOOL","幼稚園","國際","私立","港島","南區","","",156300,203100
"edb_216011000612","加拿大國際學校","CANADIAN INTERNATIONAL SCHOOL","幼稚園","國際","私立","港島","南區","","",156300,203100
"edb_216011000523","加拿大國際學校","CANADIAN INTERNATIONAL SCHOOL","小學","國際","私立","港島","南區","CANADIAN","ENGLISH",156300,212800
"edb_216011000533","加拿大國際學校","CANADIAN INTERNATIONAL SCHOOL","中學","國際","私立","港島","南區","CANADIAN","ENGLISH",216600,254300
"edb_216186000211","CARMEL SCHOOL","CARMEL SCHOOL","幼稚園","國際","私立","港島","東區","","",80500,193000
"edb_216186000423","CARMEL SCHOOL","CARMEL SCHOOL","小學","國際","私立","港島","東區","OTHER_INTL","ENGLISH",193000,193000
"edb_216186000323","CARMEL SCHOOL","CARMEL SCHOOL","小學","國際","私立","港島","東區","OTHER_INTL","ENGLISH",193000,193000
"edb_216186000433","CARMEL SCHOOL","CARMEL SCHOOL","中學","國際","私立","港島","東區","OTHER_INTL","ENGLISH;CANTONESE",226090,226090
"edb_325651000113","銅鑼灣維多利亞國際幼稚園","CAUSEWAY BAY VICTORIA INTERNATIONAL KINDERGARTEN","幼稚園","國際","私立","港島","灣仔區","","",0,0
"edb_325651000112","銅鑼灣維多利亞國際幼稚園","CAUSEWAY BAY VICTORIA INTERNATIONAL KINDERGARTEN","幼稚園","國際","私立","港島","灣仔區","","",0,0
"edb_325651000111","銅鑼灣維多利亞國際幼稚園","CAUSEWAY BAY VICTORIA INTERNATIONAL KINDERGARTEN","幼稚園","國際","私立","港島","灣仔區","","",125430,137973
"edb_599182000111","新加坡卓薈國際幼稚園(界限街)","CHATSWORTH INTERNATIONAL KINDERGARTEN (BOUNDARY STREET)","幼稚園","國際","私立","九龍","九龍城區","","",0,0
"edb_599182000112","新加坡卓薈國際幼稚園(界限街)","CHATSWORTH INTERNATIONAL KINDERGARTEN (BOUNDARY STREET)","幼稚園","國際","私立","九龍","九龍城區","","",0,0
"edb_599182000113","新加坡卓薈國際幼稚園(界限街)","CHATSWORTH INTERNATIONAL KINDERGARTEN (BOUNDARY STREET)","幼稚園","國際","私立","九龍","九龍城區","","",0,0
"edb_215589000112","漢基國際學校","CHINESE INTERNATIONAL SCHOOL","幼稚園","國際","私立","港島","東區","","",0,0
"edb_215589000111","漢基國際學校","CHINESE INTERNATIONAL SCHOOL","幼稚園","國際","私立","港島","東區","","",0,0
"edb_215589000123","漢基國際學校","CHINESE INTERNATIONAL SCHOOL","小學","國際","私立","港島","東區","IB","ENGLISH;PUTONGHUA",316800,316800
"edb_215589000133","漢基國際學校","CHINESE INTERNATIONAL SCHOOL","中學","國際","私立","港島","東區","IB","ENGLISH;PUTONGHUA",368500,373000
"edb_605557000123","宣道國際學校","CHRISTIAN ALLIANCE INTERNATIONAL SCHOOL","小學","國際","私立","九龍","深水埗區","IB","ENGLISH",141500,190000
"edb_605557000133","宣道國際學校","CHRISTIAN ALLIANCE INTERNATIONAL SCHOOL","中學","國際","私立","九龍","深水埗區","IB","ENGLISH",205400,237000
"edb_216127000123","宣道會劉平齋紀念國際學校","CHRISTIAN ALLIANCE P.C. LAU MEMORIAL INTERNATIONAL SCHOOL","小學","國際","私立","九龍","九龍城區","OTHER_INTL","ENGLISH",0,0
"edb_171034000123","CLEARWATER BAY SCHOOL","CLEARWATER BAY SCHOOL","小學","國際","私立","新界","西貢區","BRITISH","ENGLISH",139000,139000
"edb_171034000223","CLEARWATER BAY SCHOOL","CLEARWATER BAY SCHOOL","小學","國際","私立","新界","西貢區","BRITISH","ENGLISH",139000,139000
"edb_215996000133","協同國際學校","CONCORDIA INTERNATIONAL SCHOOL","中學","國際","私立","九龍","深水埗區","AMERICAN","ENGLISH",129500,150950
"edb_607371000223","香港道爾頓學校","DALTON SCHOOL HONG KONG","小學","國際","私立","港島","灣仔區","AMERICAN","ENGLISH",0,0
"edb_607371000233","香港道爾頓學校","DALTON SCHOOL HONG KONG","中學","國際","私立","港島","灣仔區","AMERICAN","ENGLISH",0,0
"edb_567116000112","德寶國際幼兒學校（寶盈花園）","DEBORAH INTERNATIONAL PRE-SCHOOL (BAUHINIA GARDEN)","幼稚園","國際","私立","新界","西貢區","","",0,0
"edb_567116000113","德寶國際幼兒學校（寶盈花園）","DEBORAH INTERNATIONAL PRE-SCHOOL (BAUHINIA GARDEN)","幼稚園","國際","私立","新界","西貢區","","",0,0
"edb_567116000111","德寶國際幼兒學校（寶盈花園）","DEBORAH INTERNATIONAL PRE-SCHOOL (BAUHINIA GARDEN)","幼稚園","國際","私立","新界","西貢區","","",0,0
"edb_567108000112","德寶國際幼兒學校（將軍澳）","DEBORAH INTERNATIONAL PRE-SCHOOL (TSEUNG KWAN O)","幼稚園","國際","私立","新界","西貢區","","",0,0
"edb_567108000113","德寶國際幼兒學校（將軍澳）","DEBORAH INTERNATIONAL PRE-SCHOOL (TSEUNG KWAN O)","幼稚園","國際","私立","新界","西貢區","","",0,0
"edb_567108000111","德寶國際幼兒學校（將軍澳）","DEBORAH INTERNATIONAL PRE-SCHOOL (TSEUNG KWAN O)","幼稚園","國際","私立","新界","西貢區","","",0,0
"edb_230987000113","DISCOVERY BAY INTERNATIONAL SCHOOL","DISCOVERY BAY INTERNATIONAL SCHOOL","幼稚園","國際","私立","新界","離島區","","",0,0
"edb_230987000112","DISCOVERY BAY INTERNATIONAL SCHOOL","DISCOVERY BAY INTERNATIONAL SCHOOL","幼稚園","國際","私立","新界","離島區","","",0,0
"edb_230987000111","DISCOVERY BAY INTERNATIONAL SCHOOL","DISCOVERY BAY INTERNATIONAL SCHOOL","幼稚園","國際","私立","新界","離島區","","",0,0
"edb_230987000123","DISCOVERY BAY INTERNATIONAL SCHOOL","DISCOVERY BAY INTERNATIONAL SCHOOL","小學","國際","私立","新界","離島區","BRITISH","ENGLISH",143700,143700
"edb_230987000233","DISCOVERY BAY INTERNATIONAL SCHOOL","DISCOVERY BAY INTERNATIONAL SCHOOL","中學","國際","私立","新界","離島區","BRITISH","ENGLISH",190700,196900
"edb_230987000133","DISCOVERY BAY INTERNATIONAL SCHOOL","DISCOVERY BAY INTERNATIONAL SCHOOL","中學","國際","私立","新界","離島區","BRITISH","ENGLISH",0,0
"edb_569747000223","智新書院","DISCOVERY COLLEGE","小學","國際","私立","新界","離島區","IB","ENGLISH",147200,147200
"edb_569747000233","智新書院","DISCOVERY COLLEGE","中學","國際","私立","新界","離島區","IB","ENGLISH",177500,191800
"edb_600814000111","DISCOVERY MONTESSORI ACADEMY","DISCOVERY MONTESSORI ACADEMY","幼稚園","國際","私立","新界","離島區","","",0,0
"edb_600814000112","DISCOVERY MONTESSORI ACADEMY","DISCOVERY MONTESSORI ACADEMY","幼稚園","國際","私立","新界","離島區","","",0,0
"edb_600814000113","DISCOVERY MONTESSORI ACADEMY","DISCOVERY MONTESSORI ACADEMY","幼稚園","國際","私立","新界","離島區","","",0,0
"edb_600814000123","DISCOVERY MONTESSORI ACADEMY","DISCOVERY MONTESSORI ACADEMY","小學","國際","私立","新界","離島區","OTHER_INTL","ENGLISH",0,0
"edb_584606000113","香港國際蒙特梭利學校","DISCOVERY MONTESSORI SCHOOL","幼稚園","國際","私立","新界","離島區","","",0,0
"edb_584606000112","香港國際蒙特梭利學校","DISCOVERY MONTESSORI SCHOOL","幼稚園","國際","私立","新界","離島區","","",0,0
"edb_584606000111","香港國際蒙特梭利學校","DISCOVERY MONTESSORI SCHOOL","幼稚園","國際","私立","新界","離島區","","",0,0
"edb_588032000111","香港國際蒙特梭利學校(中環)","DISCOVERY MONTESSORI SCHOOL (CENTRAL)","幼稚園","國際","私立","港島","中西區","","",0,0
"edb_588032000112","香港國際蒙特梭利學校(中環)","DISCOVERY MONTESSORI SCHOOL (CENTRAL)","幼稚園","國際","私立","港島","中西區","","",0,0
"edb_588032000113","香港國際蒙特梭利學校(中環)","DISCOVERY MONTESSORI SCHOOL (CENTRAL)","幼稚園","國際","私立","港島","中西區","","",0,0
"edb_215791000123","德思齊加拿大國際學校","DSC INTERNATIONAL SCHOOL","小學","國際","私立","港島","東區","IB","ENGLISH",147100,155700
"edb_215791000133","德思齊加拿大國際學校","DSC INTERNATIONAL SCHOOL","中學","國際","私立","港島","東區","IB","ENGLISH",155700,168100
"edb_615633000113","艾蒙特國際幼稚園","EIS INTERNATIONAL PRE-SCHOOL","幼稚園","國際","私立","新界","元朗區","","",0,0
"edb_615633000111","艾蒙特國際幼稚園","EIS INTERNATIONAL PRE-SCHOOL","幼稚園","國際","私立","新界","元朗區","","",0,0
"edb_615633000112","艾蒙特國際幼稚園","EIS INTERNATIONAL PRE-SCHOOL","幼稚園","國際","私立","新界","元朗區","","",0,0
"edb_549240000112","英基雅柏國際幼稚園","ESF ABACUS INTERNATIONAL KINDERGARTEN","幼稚園","國際","私立","新界","西貢區","","",103000,119700
"edb_549240000111","英基雅柏國際幼稚園","ESF ABACUS INTERNATIONAL KINDERGARTEN","幼稚園","國際","私立","新界","西貢區","","",103000,119700
"edb_597031000112","伽利利國際幼稚園","GALILEE INTERNATIONAL KINDERGARTEN","幼稚園","國際","私立","九龍","九龍城區","","",0,0
"edb_597031000111","伽利利國際幼稚園","GALILEE INTERNATIONAL KINDERGARTEN","幼稚園","國際","私立","九龍","九龍城區","","",0,0
"edb_214558000211","德瑞國際學校","GERMAN SWISS INTERNATIONAL SCHOOL","幼稚園","國際","私立","港島","南區","","",0,0
"edb_214558000221","德瑞國際學校","GERMAN SWISS INTERNATIONAL SCHOOL","小學","國際","私立","港島","南區","IB","ENGLISH;GERMAN",0,0
"edb_214558000123","德瑞國際學校","GERMAN SWISS INTERNATIONAL SCHOOL","小學","國際","私立","港島","南區","IB","ENGLISH;GERMAN",203700,203700
"edb_214558000121","德瑞國際學校","GERMAN SWISS INTERNATIONAL SCHOOL","小學","國際","私立","港島","南區","IB","ENGLISH;GERMAN",0,0
"edb_214558000133","德瑞國際學校","GERMAN SWISS INTERNATIONAL SCHOOL","中學","國際","私立","港島","南區","IB","ENGLISH",0,0
"edb_170887000123","己連拿小學","GLENEALY SCHOOL","小學","國際","私立","港島","中西區","BRITISH","ENGLISH",139000,139000
"edb_604585000112","雅惠國際幼稚園（鯉景灣）","GRACE GARDEN INTERNATIONAL KINDERGARTEN (LEI KING WAN)","幼稚園","國際","私立","港島","東區","","",0,0
"edb_604585000111","雅惠國際幼稚園（鯉景灣）","GRACE GARDEN INTERNATIONAL KINDERGARTEN (LEI KING WAN)","幼稚園","國際","私立","港島","東區","","",0,0
"edb_604372000112","綠茵英文（國際）幼稚園（日出康城）","GREENFIELD ENGLISH (INTERNATIONAL) KINDERGARTEN (LOHAS PARK)","幼稚園","國際","私立","新界","西貢區","","",0,0
"edb_604372000111","綠茵英文（國際）幼稚園（日出康城）","GREENFIELD ENGLISH (INTERNATIONAL) KINDERGARTEN (LOHAS PARK)","幼稚園","國際","私立","新界","西貢區","","",0,0
"edb_523984000212","綠茵英文（國際）幼稚園（將軍澳）","GREENFIELD ENGLISH (INTERNATIONAL) KINDERGARTEN (TSEUNG KWAN O)","幼稚園","國際","私立","新界","西貢區","","",0,0
"edb_523984000211","綠茵英文（國際）幼稚園（將軍澳）","GREENFIELD ENGLISH (INTERNATIONAL) KINDERGARTEN (TSEUNG KWAN O)","幼稚園","國際","私立","新界","西貢區","","",0,0
"edb_523984000213","綠茵英文（國際）幼稚園（將軍澳）","GREENFIELD ENGLISH (INTERNATIONAL) KINDERGARTEN (TSEUNG KWAN O)","幼稚園","國際","私立","新界","西貢區","","",0,0
"edb_609285000111","GUIDEPOST MONTESSORI INTERNATIONAL KINDERGARTEN (CHAI WAN)","GUIDEPOST MONTESSORI INTERNATIONAL KINDERGARTEN (CHAI WAN)","幼稚園","國際","私立","港島","東區","","",0,0
"edb_609285000112","GUIDEPOST MONTESSORI INTERNATIONAL KINDERGARTEN (CHAI WAN)","GUIDEPOST MONTESSORI INTERNATIONAL KINDERGARTEN (CHAI WAN)","幼稚園","國際","私立","港島","東區","","",0,0
"edb_583774000111","GUIDEPOST MONTESSORI INTERNATIONAL KINDERGARTEN (CLEARWATER BAY)","GUIDEPOST MONTESSORI INTERNATIONAL KINDERGARTEN (CLEARWATER BAY)","幼稚園","國際","私立","新界","西貢區","","",0,0
"edb_583774000112","GUIDEPOST MONTESSORI INTERNATIONAL KINDERGARTEN (CLEARWATER BAY)","GUIDEPOST MONTESSORI INTERNATIONAL KINDERGARTEN (CLEARWATER BAY)","幼稚園","國際","私立","新界","西貢區","","",0,0
"edb_609625000112","GUIDEPOST MONTESSORI INTERNATIONAL KINDERGARTEN (DISCOVERY BAY)","GUIDEPOST MONTESSORI INTERNATIONAL KINDERGARTEN (DISCOVERY BAY)","幼稚園","國際","私立","新界","離島區","","",0,0
"edb_609625000111","GUIDEPOST MONTESSORI INTERNATIONAL KINDERGARTEN (DISCOVERY BAY)","GUIDEPOST MONTESSORI INTERNATIONAL KINDERGARTEN (DISCOVERY BAY)","幼稚園","國際","私立","新界","離島區","","",0,0
"edb_611484000112","GUIDEPOST MONTESSORI INTERNATIONAL KINDERGARTEN (KENNEDY TOWN)","GUIDEPOST MONTESSORI INTERNATIONAL KINDERGARTEN (KENNEDY TOWN)","幼稚園","國際","私立","港島","中西區","","",0,0
"edb_611484000111","GUIDEPOST MONTESSORI INTERNATIONAL KINDERGARTEN (KENNEDY TOWN)","GUIDEPOST MONTESSORI INTERNATIONAL KINDERGARTEN (KENNEDY TOWN)","幼稚園","國際","私立","港島","中西區","","",0,0
"edb_598089000112","GUIDEPOST MONTESSORI INTERNATIONAL KINDERGARTEN (POK FU LAM)","GUIDEPOST MONTESSORI INTERNATIONAL KINDERGARTEN (POK FU LAM)","幼稚園","國際","私立","港島","南區","","",0,0
"edb_598089000111","GUIDEPOST MONTESSORI INTERNATIONAL KINDERGARTEN (POK FU LAM)","GUIDEPOST MONTESSORI INTERNATIONAL KINDERGARTEN (POK FU LAM)","幼稚園","國際","私立","港島","南區","","",0,0
"edb_564958000111","GUIDEPOST MONTESSORI INTERNATIONAL PRE-SCHOOL (HAPPY VALLEY HAWTHORN ROAD)","GUIDEPOST MONTESSORI INTERNATIONAL PRE-SCHOOL (HAPPY VALLEY HAWTHORN ROAD)","幼稚園","國際","私立","港島","灣仔區","","",0,0
"edb_564958000112","GUIDEPOST MONTESSORI INTERNATIONAL PRE-SCHOOL (HAPPY VALLEY HAWTHORN ROAD)","GUIDEPOST MONTESSORI INTERNATIONAL PRE-SCHOOL (HAPPY VALLEY HAWTHORN ROAD)","幼稚園","國際","私立","港島","灣仔區","","",0,0
"edb_594725000111","GUIDEPOST MONTESSORI INTERNATIONAL PRE-SCHOOL (MID-LEVELS)","GUIDEPOST MONTESSORI INTERNATIONAL PRE-SCHOOL (MID-LEVELS)","幼稚園","國際","私立","港島","中西區","","",0,0
"edb_594725000112","GUIDEPOST MONTESSORI INTERNATIONAL PRE-SCHOOL (MID-LEVELS)","GUIDEPOST MONTESSORI INTERNATIONAL PRE-SCHOOL (MID-LEVELS)","幼稚園","國際","私立","港島","中西區","","",0,0
"edb_602256000112","GUIDEPOST MONTESSORI INTERNATIONAL PRE-SCHOOL (REPULSE BAY)","GUIDEPOST MONTESSORI INTERNATIONAL PRE-SCHOOL (REPULSE BAY)","幼稚園","國際","私立","港島","南區","","",0,0
"edb_602256000111","GUIDEPOST MONTESSORI INTERNATIONAL PRE-SCHOOL (REPULSE BAY)","GUIDEPOST MONTESSORI INTERNATIONAL PRE-SCHOOL (REPULSE BAY)","幼稚園","國際","私立","港島","南區","","",0,0
"edb_578630000111","GUIDEPOST MONTESSORI INTERNATIONAL PRE-SCHOOL (SAI KUNG)","GUIDEPOST MONTESSORI INTERNATIONAL PRE-SCHOOL (SAI KUNG)","幼稚園","國際","私立","新界","西貢區","","",0,0
"edb_578630000112","GUIDEPOST MONTESSORI INTERNATIONAL PRE-SCHOOL (SAI KUNG)","GUIDEPOST MONTESSORI INTERNATIONAL PRE-SCHOOL (SAI KUNG)","幼稚園","國際","私立","新界","西貢區","","",0,0
"edb_590800000113","哈羅香港國際學校","HARROW INTERNATIONAL SCHOOL HONG KONG","幼稚園","國際","私立","新界","屯門區","","",0,0
"edb_590800000123","哈羅香港國際學校","HARROW INTERNATIONAL SCHOOL HONG KONG","小學","國際","私立","新界","屯門區","BRITISH","ENGLISH",201314,201314
"edb_590800000133","哈羅香港國際學校","HARROW INTERNATIONAL SCHOOL HONG KONG","中學","國際","私立","新界","屯門區","BRITISH","ENGLISH",229949,239070
"edb_539155000311","香港學堂國際學校","HONG KONG ACADEMY","幼稚園","國際","私立","新界","西貢區","","",0,0
"edb_539155000323","香港學堂國際學校","HONG KONG ACADEMY","小學","國際","私立","新界","西貢區","IB","ENGLISH",221800,221800
"edb_539155000333","香港學堂國際學校","HONG KONG ACADEMY","中學","國際","私立","新界","西貢區","IB","ENGLISH",244100,264700
"edb_213772000123","HONG KONG INTERNATIONAL SCHOOL","HONG KONG INTERNATIONAL SCHOOL","小學","國際","私立","港島","南區","AMERICAN","ENGLISH",224800,224800
"edb_213772000233","HONG KONG INTERNATIONAL SCHOOL","HONG KONG INTERNATIONAL SCHOOL","中學","國際","私立","港島","南區","AMERICAN","ENGLISH",236200,263300
"edb_317357000123","HONGKONG JAPANESE SCHOOL","HONGKONG JAPANESE SCHOOL","小學","國際","私立","港島","灣仔區","OTHER_INTL","JAPANESE",140460,140460
"edb_317357000133","HONGKONG JAPANESE SCHOOL","HONGKONG JAPANESE SCHOOL","中學","國際","私立","港島","灣仔區","OTHER_INTL","JAPANESE",140460,140460
"edb_569836000123","基督教國際學校","INTERNATIONAL CHRISTIAN SCHOOL","小學","國際","私立","新界","沙田區","CANADIAN","ENGLISH",148400,148400
"edb_569836000133","基督教國際學校","INTERNATIONAL CHRISTIAN SCHOOL","中學","國際","私立","新界","沙田區","CANADIAN","ENGLISH",196600,201500
"edb_542598000211","基督教國際學校－幼稚園","INTERNATIONAL CHRISTIAN SCHOOL - KINDERGARTEN","幼稚園","國際","私立","新界","沙田區","","",91000,148400
"edb_542598000212","基督教國際學校－幼稚園","INTERNATIONAL CHRISTIAN SCHOOL - KINDERGARTEN","幼稚園","國際","私立","新界","沙田區","","",91000,148400
"edb_578789000133","INTERNATIONAL COLLEGE HONG KONG (NEW TERRITORIES)","INTERNATIONAL COLLEGE HONG KONG (NEW TERRITORIES)","中學","國際","私立","新界","北區","IB","ENGLISH",184500,204900
"edb_230944000112","INTERNATIONAL COLLEGE HONG KONG HONG LOK YUEN (KINDERGARTEN SECTION)","INTERNATIONAL COLLEGE HONG KONG HONG LOK YUEN (KINDERGARTEN SECTION)","幼稚園","國際","私立","新界","大埔區","","",25170,145110
"edb_230944000113","INTERNATIONAL COLLEGE HONG KONG HONG LOK YUEN (KINDERGARTEN SECTION)","INTERNATIONAL COLLEGE HONG KONG HONG LOK YUEN (KINDERGARTEN SECTION)","幼稚園","國際","私立","新界","大埔區","","",25170,145110
"edb_230944000111","INTERNATIONAL COLLEGE HONG KONG HONG LOK YUEN (KINDERGARTEN SECTION)","INTERNATIONAL COLLEGE HONG KONG HONG LOK YUEN (KINDERGARTEN SECTION)","幼稚園","國際","私立","新界","大埔區","","",25170,145110
"edb_230979000123","INTERNATIONAL COLLEGE HONG KONG HONG LOK YUEN (PRIMARY SECTION)","INTERNATIONAL COLLEGE HONG KONG HONG LOK YUEN (PRIMARY SECTION)","小學","國際","私立","新界","大埔區","IB","ENGLISH",145110,145110
"edb_615366000113","INVICTUS KINDERGARTEN","INVICTUS KINDERGARTEN","幼稚園","國際","私立","新界","西貢區","","",0,0
"edb_615285000123","INVICTUS SCHOOL","INVICTUS SCHOOL","小學","國際","私立","新界","西貢區","BRITISH","ENGLISH",0,0
"edb_616354000133","INVICTUS SECONDARY SCHOOL","INVICTUS SECONDARY SCHOOL","中學","國際","私立","港島","東區","BRITISH","ENGLISH",0,0
"edb_581119000111","港島兒童蒙特梭利幼稚園","ISLAND CHILDREN'S MONTESSORI KINDERGARTEN","幼稚園","國際","私立","港島","灣仔區","","",0,0
"edb_581119000112","港島兒童蒙特梭利幼稚園","ISLAND CHILDREN'S MONTESSORI KINDERGARTEN","幼稚園","國際","私立","港島","灣仔區","","",0,0
"edb_607223000111","港島蒙特梭利國際幼稚園","ISLAND MONTESSORI INTERNATIONAL KINDERGARTEN","幼稚園","國際","私立","港島","東區","","",0,0
"edb_607223000112","港島蒙特梭利國際幼稚園","ISLAND MONTESSORI INTERNATIONAL KINDERGARTEN","幼稚園","國際","私立","港島","東區","","",0,0
"edb_170399000133","ISLAND SCHOOL","ISLAND SCHOOL","中學","國際","私立","港島","中西區","IB","ENGLISH",159400,181100
"edb_611646000111","意大利國際幼稚園","ITALIAN INTERNATIONAL KINDERGARTEN","幼稚園","國際","私立","港島","南區","","",0,0
"edb_611646000113","意大利國際幼稚園","ITALIAN INTERNATIONAL KINDERGARTEN","幼稚園","國際","私立","港島","南區","","",0,0
"edb_611646000112","意大利國際幼稚園","ITALIAN INTERNATIONAL KINDERGARTEN","幼稚園","國際","私立","港島","南區","","",0,0
"edb_522775000123","JAPANESE INTERNATIONAL SCHOOL","JAPANESE INTERNATIONAL SCHOOL","小學","國際","私立","新界","大埔區","OTHER_INTL","JAPANESE",140460,140460
"edb_587524000111","晶晶國際幼稚園","JING JING INTERNATIONAL KINDERGARTEN","幼稚園","國際","私立","新界","屯門區","","",0,0
"edb_587524000112","晶晶國際幼稚園","JING JING INTERNATIONAL KINDERGARTEN","幼稚園","國際","私立","新界","屯門區","","",0,0
"edb_587524000113","晶晶國際幼稚園","JING JING INTERNATIONAL KINDERGARTEN","幼稚園","國際","私立","新界","屯門區","","",0,0
"edb_250686000223","賽馬會善樂學校","JOCKEY CLUB SARAH ROE SCHOOL","小學","國際","私立","九龍","九龍城區","OTHER_INTL","ENGLISH",0,0
"edb_250686000233","賽馬會善樂學校","JOCKEY CLUB SARAH ROE SCHOOL","中學","國際","私立","九龍","九龍城區","OTHER_INTL","ENGLISH",0,0
"edb_615170000112","心怡天地國際幼稚園(屯門)","JOYFUL WORLD INTERNATIONAL KINDERGARTEN (TUEN MUN)","幼稚園","國際","私立","新界","屯門區","","",0,0
"edb_615170000111","心怡天地國際幼稚園(屯門)","JOYFUL WORLD INTERNATIONAL KINDERGARTEN (TUEN MUN)","幼稚園","國際","私立","新界","屯門區","","",0,0
"edb_612189000111","心怡天地國際幼稚園(元朗)","JOYFUL WORLD INTERNATIONAL KINDERGARTEN (YUEN LONG)","幼稚園","國際","私立","新界","元朗區","","",0,0
"edb_612189000112","心怡天地國際幼稚園(元朗)","JOYFUL WORLD INTERNATIONAL KINDERGARTEN (YUEN LONG)","幼稚園","國際","私立","新界","元朗區","","",0,0
"edb_215406000423","KELLETT SCHOOL","KELLETT SCHOOL","小學","國際","私立","九龍","觀塘區","BRITISH","ENGLISH",0,0
"edb_215406000123","KELLETT SCHOOL","KELLETT SCHOOL","小學","國際","私立","九龍","觀塘區","BRITISH","ENGLISH",208800,214200
"edb_215406000433","KELLETT SCHOOL","KELLETT SCHOOL","中學","國際","私立","九龍","觀塘區","BRITISH","ENGLISH",251400,267100
"edb_607703000111","漢迪國際幼稚園","KENDALL INTERNATIONAL PRESCHOOL","幼稚園","國際","私立","九龍","深水埗區","","",0,0
"edb_607703000112","漢迪國際幼稚園","KENDALL INTERNATIONAL PRESCHOOL","幼稚園","國際","私立","九龍","深水埗區","","",0,0
"edb_325783000112","漢廸國際幼稚園(港島東)","KENDALL INTERNATIONAL PRESCHOOL (ISLAND EAST)","幼稚園","國際","私立","港島","東區","","",0,0
"edb_325783000111","漢廸國際幼稚園(港島東)","KENDALL INTERNATIONAL PRESCHOOL (ISLAND EAST)","幼稚園","國際","私立","港島","東區","","",0,0
"edb_170879000123","KENNEDY SCHOOL","KENNEDY SCHOOL","小學","國際","私立","港島","南區","BRITISH","ENGLISH",139000,139000
"edb_170917000133","KING GEORGE V SCHOOL","KING GEORGE V SCHOOL","中學","國際","私立","九龍","九龍城區","IB","ENGLISH",159400,181100
"edb_519863000312","京斯敦國際幼稚園","KINGSTON INTERNATIONAL KINDERGARTEN","幼稚園","國際","私立","九龍","九龍城區","","",63800,112200
"edb_519863000311","京斯敦國際幼稚園","KINGSTON INTERNATIONAL KINDERGARTEN","幼稚園","國際","私立","九龍","九龍城區","","",63800,112200
"edb_541915000123","京斯敦國際學校","KINGSTON INTERNATIONAL SCHOOL","小學","國際","私立","九龍","九龍城區","OTHER_INTL","ENGLISH",155000,175000
"edb_216216000113","KOREAN INTERNATIONAL SCHOOL","KOREAN INTERNATIONAL SCHOOL","幼稚園","國際","私立","港島","東區","","",97100,97100
"edb_216216000123","KOREAN INTERNATIONAL SCHOOL","KOREAN INTERNATIONAL SCHOOL","小學","國際","私立","港島","東區","OTHER_INTL","ENGLISH;KOREAN",97100,122900
"edb_216216000133","KOREAN INTERNATIONAL SCHOOL","KOREAN INTERNATIONAL SCHOOL","中學","國際","私立","港島","東區","OTHER_INTL","ENGLISH",137000,137000
"edb_170909000123","KOWLOON JUNIOR SCHOOL","KOWLOON JUNIOR SCHOOL","小學","國際","私立","九龍","九龍城區","BRITISH","ENGLISH",139000,139000
"edb_518620000123","LANTAU INTERNATIONAL SCHOOL","LANTAU INTERNATIONAL SCHOOL","小學","國際","私立","新界","離島區","BRITISH","ENGLISH",79100,103000
"edb_518620000223","LANTAU INTERNATIONAL SCHOOL","LANTAU INTERNATIONAL SCHOOL","小學","國際","私立","新界","離島區","BRITISH","ENGLISH",0,0
"edb_518620000423","LANTAU INTERNATIONAL SCHOOL","LANTAU INTERNATIONAL SCHOOL","小學","國際","私立","新界","離島區","BRITISH","ENGLISH",0,0
"edb_614904000112","LES PETITS LASCARS FRENCH INTERNATIONAL PRESCHOOL","LES PETITS LASCARS FRENCH INTERNATIONAL PRESCHOOL","幼稚園","國際","私立","港島","中西區","","",0,0
"edb_614904000111","LES PETITS LASCARS FRENCH INTERNATIONAL PRESCHOOL","LES PETITS LASCARS FRENCH INTERNATIONAL PRESCHOOL","幼稚園","國際","私立","港島","中西區","","",0,0
"edb_614998000111","LES PETITS LASCARS FRENCH INTERNATIONAL PRESCHOOL (TSEUNG KWAN O)","LES PETITS LASCARS FRENCH INTERNATIONAL PRESCHOOL (TSEUNG KWAN O)","幼稚園","國際","私立","新界","西貢區","","",0,0
"edb_614998000112","LES PETITS LASCARS FRENCH INTERNATIONAL PRESCHOOL (TSEUNG KWAN O)","LES PETITS LASCARS FRENCH INTERNATIONAL PRESCHOOL (TSEUNG KWAN O)","幼稚園","國際","私立","新界","西貢區","","",0,0
"edb_607592000213","道爾頓幼稚園","LITTLE DALTON KINDERGARTEN","幼稚園","國際","私立","港島","灣仔區","","",0,0
"edb_607592000212","道爾頓幼稚園","LITTLE DALTON KINDERGARTEN","幼稚園","國際","私立","港島","灣仔區","","",0,0
"edb_607592000211","道爾頓幼稚園","LITTLE DALTON KINDERGARTEN","幼稚園","國際","私立","港島","灣仔區","","",0,0
"edb_587877000111","小大嶼山蒙特梭利幼稚園","LITTLE LANTAU MONTESSORI KINDERGARTEN","幼稚園","國際","私立","新界","離島區","","",0,0
"edb_214949000513","LYC'EE FRANCAIS INTERNATIONAL (FRENCH INTERNATIONAL SCHOOL)","LYC'EE FRANCAIS INTERNATIONAL (FRENCH INTERNATIONAL SCHOOL)","幼稚園","國際","私立","港島","東區","","",146093,151218
"edb_214949000713","LYC'EE FRANCAIS INTERNATIONAL (FRENCH INTERNATIONAL SCHOOL)","LYC'EE FRANCAIS INTERNATIONAL (FRENCH INTERNATIONAL SCHOOL)","幼稚園","國際","私立","港島","東區","","",146093,151984
"edb_214949000523","LYC'EE FRANCAIS INTERNATIONAL (FRENCH INTERNATIONAL SCHOOL)","LYC'EE FRANCAIS INTERNATIONAL (FRENCH INTERNATIONAL SCHOOL)","小學","國際","私立","港島","東區","OTHER_INTL","ENGLISH;FRENCH",0,0
"edb_214949000123","LYC'EE FRANCAIS INTERNATIONAL (FRENCH INTERNATIONAL SCHOOL)","LYC'EE FRANCAIS INTERNATIONAL (FRENCH INTERNATIONAL SCHOOL)","小學","國際","私立","港島","東區","OTHER_INTL","ENGLISH",151984,161373
"edb_214949000723","LYC'EE FRANCAIS INTERNATIONAL (FRENCH INTERNATIONAL SCHOOL)","LYC'EE FRANCAIS INTERNATIONAL (FRENCH INTERNATIONAL SCHOOL)","小學","國際","私立","港島","東區","OTHER_INTL","ENGLISH;FRENCH",0,0
"edb_214949000433","LYC'EE FRANCAIS INTERNATIONAL (FRENCH INTERNATIONAL SCHOOL)","LYC'EE FRANCAIS INTERNATIONAL (FRENCH INTERNATIONAL SCHOOL)","中學","國際","私立","港島","東區","OTHER_INTL","ENGLISH;FRENCH",202000,217599
"edb_214949000733","LYC'EE FRANCAIS INTERNATIONAL (FRENCH INTERNATIONAL SCHOOL)","LYC'EE FRANCAIS INTERNATIONAL (FRENCH INTERNATIONAL SCHOOL)","中學","國際","私立","港島","東區","OTHER_INTL","ENGLISH;FRENCH",0,0
"edb_610623000111","瑪歌瑞特國際幼稚園","MAGART INTERNATIONAL KINDERGARTEN","幼稚園","國際","私立","九龍","九龍城區","","",0,0
"edb_610623000113","瑪歌瑞特國際幼稚園","MAGART INTERNATIONAL KINDERGARTEN","幼稚園","國際","私立","九龍","九龍城區","","",0,0
"edb_610623000112","瑪歌瑞特國際幼稚園","MAGART INTERNATIONAL KINDERGARTEN","幼稚園","國際","私立","九龍","九龍城區","","",0,0
"edb_566241000113","瑪歌瑞特國際幼稚園(粉嶺)","MAGART INTERNATIONAL KINDERGARTEN (FANLING)","幼稚園","國際","私立","新界","北區","","",0,0
"edb_566241000111","瑪歌瑞特國際幼稚園(粉嶺)","MAGART INTERNATIONAL KINDERGARTEN (FANLING)","幼稚園","國際","私立","新界","北區","","",0,0
"edb_566241000112","瑪歌瑞特國際幼稚園(粉嶺)","MAGART INTERNATIONAL KINDERGARTEN (FANLING)","幼稚園","國際","私立","新界","北區","","",0,0
"edb_215767000111","瑪歌瑞特國際幼稚園(康怡)","MAGART INTERNATIONAL KINDERGARTEN (KORNHILL)","幼稚園","國際","私立","港島","東區","","",0,0
"edb_215767000112","瑪歌瑞特國際幼稚園(康怡)","MAGART INTERNATIONAL KINDERGARTEN (KORNHILL)","幼稚園","國際","私立","港島","東區","","",0,0
"edb_606766000123","香港墨爾文國際學校","MALVERN COLLEGE HONG KONG","小學","國際","私立","新界","大埔區","BRITISH","ENGLISH",198860,198860
"edb_606766000133","香港墨爾文國際學校","MALVERN COLLEGE HONG KONG","中學","國際","私立","新界","大埔區","BRITISH","ENGLISH",226210,226210
"edb_613665000111","楓葉小熊加拿大國際幼稚園","MAPLE BEAR CANADIAN INTERNATIONAL KINDERGARTEN","幼稚園","國際","私立","新界","西貢區","","",0,0
"edb_613665000113","楓葉小熊加拿大國際幼稚園","MAPLE BEAR CANADIAN INTERNATIONAL KINDERGARTEN","幼稚園","國際","私立","新界","西貢區","","",0,0
"edb_613665000112","楓葉小熊加拿大國際幼稚園","MAPLE BEAR CANADIAN INTERNATIONAL KINDERGARTEN","幼稚園","國際","私立","新界","西貢區","","",0,0
"edb_616311000112","楓葉小熊加拿大國際幼稚園(康城)","MAPLE BEAR CANADIAN INTERNATIONAL KINDERGARTEN (LOHAS)","幼稚園","國際","私立","新界","西貢區","","",0,0
"edb_616311000111","楓葉小熊加拿大國際幼稚園(康城)","MAPLE BEAR CANADIAN INTERNATIONAL KINDERGARTEN (LOHAS)","幼稚園","國際","私立","新界","西貢區","","",0,0
"edb_593788000112","楓葉小熊加拿大國際幼稚園(油塘)","MAPLE BEAR CANADIAN INTERNATIONAL KINDERGARTEN (YAU TONG)","幼稚園","國際","私立","九龍","觀塘區","","",0,0
"edb_593788000111","楓葉小熊加拿大國際幼稚園(油塘)","MAPLE BEAR CANADIAN INTERNATIONAL KINDERGARTEN (YAU TONG)","幼稚園","國際","私立","九龍","觀塘區","","",0,0
"edb_600334000211","善行國際幼稚園","MASS INTERNATIONAL PRESCHOOL","幼稚園","國際","私立","港島","灣仔區","","",0,0
"edb_600334000212","善行國際幼稚園","MASS INTERNATIONAL PRESCHOOL","幼稚園","國際","私立","港島","灣仔區","","",0,0
"edb_603643000111","奧恩國際幼稚園","MIGHTY OAKS INTERNATIONAL KINDERGARTEN","幼稚園","國際","私立","港島","中西區","","",0,0
"edb_603643000112","奧恩國際幼稚園","MIGHTY OAKS INTERNATIONAL KINDERGARTEN","幼稚園","國際","私立","港島","中西區","","",0,0
"edb_566977000111","明慧國際幼稚園","MING WAI INTERNATIONAL KINDERGARTEN","幼稚園","國際","私立","港島","東區","","",0,0
"edb_566977000112","明慧國際幼稚園","MING WAI INTERNATIONAL KINDERGARTEN","幼稚園","國際","私立","港島","東區","","",0,0
"edb_566977000113","明慧國際幼稚園","MING WAI INTERNATIONAL KINDERGARTEN","幼稚園","國際","私立","港島","東區","","",0,0
"edb_567329000112","明慧國際幼稚園（北角分校）","MING WAI INTERNATIONAL KINDERGARTEN (NORTH POINT BRANCH)","幼稚園","國際","私立","港島","東區","","",0,0
"edb_567329000111","明慧國際幼稚園（北角分校）","MING WAI INTERNATIONAL KINDERGARTEN (NORTH POINT BRANCH)","幼稚園","國際","私立","港島","東區","","",0,0
"edb_567329000113","明慧國際幼稚園（北角分校）","MING WAI INTERNATIONAL KINDERGARTEN (NORTH POINT BRANCH)","幼稚園","國際","私立","港島","東區","","",0,0
"edb_583421000112","明慧國際幼稚園(太子分校)","MING WAI INTERNATIONAL KINDERGARTEN (PRINCE EDWARD BRANCH)","幼稚園","國際","私立","九龍","油尖旺區","","",0,0
"edb_583421000111","明慧國際幼稚園(太子分校)","MING WAI INTERNATIONAL KINDERGARTEN (PRINCE EDWARD BRANCH)","幼稚園","國際","私立","九龍","油尖旺區","","",0,0
"edb_583421000113","明慧國際幼稚園(太子分校)","MING WAI INTERNATIONAL KINDERGARTEN (PRINCE EDWARD BRANCH)","幼稚園","國際","私立","九龍","油尖旺區","","",0,0
"edb_567027000111","明雅國際幼兒學校","MINK INTERNATIONAL PRE-SCHOOL","幼稚園","國際","私立","新界","大埔區","","",0,0
"edb_567027000112","明雅國際幼兒學校","MINK INTERNATIONAL PRE-SCHOOL","幼稚園","國際","私立","新界","大埔區","","",0,0
"edb_567027000113","明雅國際幼兒學校","MINK INTERNATIONAL PRE-SCHOOL","幼稚園","國際","私立","新界","大埔區","","",0,0
"edb_565466000111","MONTESSORI FOR CHILDREN (NURSERY)","MONTESSORI FOR CHILDREN (NURSERY)","幼稚園","國際","私立","港島","南區","","",0,0
"edb_565466000112","MONTESSORI FOR CHILDREN (NURSERY)","MONTESSORI FOR CHILDREN (NURSERY)","幼稚園","國際","私立","港島","南區","","",0,0
"edb_601721000112","懋柏禮國際幼稚園","MULBERRY HOUSE INTERNATIONAL KINDERGARTEN","幼稚園","國際","私立","新界","大埔區","","",0,0
"edb_601721000111","懋柏禮國際幼稚園","MULBERRY HOUSE INTERNATIONAL KINDERGARTEN","幼稚園","國際","私立","新界","大埔區","","",0,0
"edb_578053000112","MULBERRY HOUSE INTERNATIONAL KINDERGARTEN SOUTHSIDE","MULBERRY HOUSE INTERNATIONAL KINDERGARTEN SOUTHSIDE","幼稚園","國際","私立","港島","南區","","",0,0
"edb_578053000111","MULBERRY HOUSE INTERNATIONAL KINDERGARTEN SOUTHSIDE","MULBERRY HOUSE INTERNATIONAL KINDERGARTEN SOUTHSIDE","幼稚園","國際","私立","港島","南區","","",0,0
"edb_598054000111","童樂天國際幼稚園","MULBERRY TREE INTERNATIONAL KINDERGARTEN","幼稚園","國際","私立","新界","沙田區","","",0,0
"edb_598054000112","童樂天國際幼稚園","MULBERRY TREE INTERNATIONAL KINDERGARTEN","幼稚園","國際","私立","新界","沙田區","","",0,0
"edb_601250000111","麥克萊國際幼稚園","MYNORS INTERNATIONAL KINDERGARTEN","幼稚園","國際","私立","新界","北區","","",0,0
"edb_601250000112","麥克萊國際幼稚園","MYNORS INTERNATIONAL KINDERGARTEN","幼稚園","國際","私立","新界","北區","","",0,0
"edb_601250000113","麥克萊國際幼稚園","MYNORS INTERNATIONAL KINDERGARTEN","幼稚園","國際","私立","新界","北區","","",0,0
"edb_608475000112","NORD ANGLIA INTERNATIONAL PRE-SCHOOL (SAI KUNG)","NORD ANGLIA INTERNATIONAL PRE-SCHOOL (SAI KUNG)","幼稚園","國際","私立","新界","西貢區","","",0,0
"edb_608475000111","NORD ANGLIA INTERNATIONAL PRE-SCHOOL (SAI KUNG)","NORD ANGLIA INTERNATIONAL PRE-SCHOOL (SAI KUNG)","幼稚園","國際","私立","新界","西貢區","","",0,0
"edb_598356000223","NORD ANGLIA INTERNATIONAL SCHOOL, HONG KONG","NORD ANGLIA INTERNATIONAL SCHOOL, HONG KONG","小學","國際","私立","九龍","觀塘區","BRITISH","ENGLISH",184380,205700
"edb_598356000333","NORD ANGLIA INTERNATIONAL SCHOOL, HONG KONG","NORD ANGLIA INTERNATIONAL SCHOOL, HONG KONG","中學","國際","私立","九龍","觀塘區","BRITISH","ENGLISH",212360,214340
"edb_215520000111","NORWEGIAN INTERNATIONAL SCHOOL","NORWEGIAN INTERNATIONAL SCHOOL","幼稚園","國際","私立","新界","大埔區","","",80850,80850
"edb_215520000113","NORWEGIAN INTERNATIONAL SCHOOL","NORWEGIAN INTERNATIONAL SCHOOL","幼稚園","國際","私立","新界","大埔區","","",80850,80850
"edb_215520000112","NORWEGIAN INTERNATIONAL SCHOOL","NORWEGIAN INTERNATIONAL SCHOOL","幼稚園","國際","私立","新界","大埔區","","",80850,80850
"edb_215520000123","NORWEGIAN INTERNATIONAL SCHOOL","NORWEGIAN INTERNATIONAL SCHOOL","小學","國際","私立","新界","大埔區","OTHER_INTL","ENGLISH",133200,133200
"edb_215937000112","栢基國際幼稚園","PARKVIEW INTERNATIONAL PRE-SCHOOL","幼稚園","國際","私立","港島","南區","","",0,0
"edb_215937000111","栢基國際幼稚園","PARKVIEW INTERNATIONAL PRE-SCHOOL","幼稚園","國際","私立","港島","南區","","",0,0
"edb_571490000113","栢基國際幼稚園(九龍)","PARKVIEW INTERNATIONAL PRE-SCHOOL (KOWLOON)","幼稚園","國際","私立","九龍","油尖旺區","","",0,0
"edb_571490000111","栢基國際幼稚園(九龍)","PARKVIEW INTERNATIONAL PRE-SCHOOL (KOWLOON)","幼稚園","國際","私立","九龍","油尖旺區","","",0,0
"edb_571490000112","栢基國際幼稚園(九龍)","PARKVIEW INTERNATIONAL PRE-SCHOOL (KOWLOON)","幼稚園","國際","私立","九龍","油尖旺區","","",0,0
"edb_170860000123","PEAK SCHOOL","PEAK SCHOOL","小學","國際","私立","港島","中西區","BRITISH","ENGLISH",139000,139000
"edb_613916000112","培僑國際幼稚園","PUI KIU INTERNATIONAL KINDERGARTEN","幼稚園","國際","私立","新界","沙田區","","",0,0
"edb_613916000111","培僑國際幼稚園","PUI KIU INTERNATIONAL KINDERGARTEN","幼稚園","國際","私立","新界","沙田區","","",0,0
"edb_622389000112","培僑國際幼稚園(碧濤花園)","PUI KIU INTERNATIONAL KINDERGARTEN (PICTORIAL GARDEN)","幼稚園","國際","私立","新界","沙田區","","",0,0
"edb_622389000113","培僑國際幼稚園(碧濤花園)","PUI KIU INTERNATIONAL KINDERGARTEN (PICTORIAL GARDEN)","幼稚園","國際","私立","新界","沙田區","","",0,0
"edb_622389000111","培僑國際幼稚園(碧濤花園)","PUI KIU INTERNATIONAL KINDERGARTEN (PICTORIAL GARDEN)","幼稚園","國際","私立","新界","沙田區","","",0,0
"edb_170895000123","鰂魚涌小學","QUARRY BAY SCHOOL","小學","國際","私立","港島","東區","BRITISH","ENGLISH",139000,139000
"edb_567485000123","啓新書院","RENAISSANCE COLLEGE","小學","國際","私立","新界","沙田區","IB","ENGLISH",145800,145800
"edb_567485000133","啓新書院","RENAISSANCE COLLEGE","中學","國際","私立","新界","沙田區","IB","ENGLISH",175700,189900
"edb_597538000211","聖姬莉國際幼稚園","SAINT BRIGIT INTERNATIONAL KINDERGARTEN","幼稚園","國際","私立","九龍","九龍城區","","",0,0
"edb_597538000212","聖姬莉國際幼稚園","SAINT BRIGIT INTERNATIONAL KINDERGARTEN","幼稚園","國際","私立","九龍","九龍城區","","",0,0
"edb_534579000123","弘爵國際學校","SEAR ROGERS INTERNATIONAL SCHOOL","小學","國際","私立","新界","荃灣區","IB","ENGLISH",0,0
"edb_534579000133","弘爵國際學校","SEAR ROGERS INTERNATIONAL SCHOOL","中學","國際","私立","新界","荃灣區","IB","ENGLISH",0,0
"edb_190314000233","SHATIN COLLEGE","SHATIN COLLEGE","中學","國際","私立","新界","沙田區","IB","ENGLISH",159400,181100
"edb_190543000123","SHATIN JUNIOR SCHOOL","SHATIN JUNIOR SCHOOL","小學","國際","私立","新界","沙田區","BRITISH","ENGLISH",139000,139000
"edb_607525000123","思貝禮國際學校","SHREWSBURY INTERNATIONAL SCHOOL HONG KONG","小學","國際","私立","新界","西貢區","BRITISH","ENGLISH",143500,177000
"edb_216003000211","新加坡國際學校","SINGAPORE INTERNATIONAL SCHOOL (HONG KONG)","幼稚園","國際","私立","港島","南區","","",123000,123000
"edb_216003000212","新加坡國際學校","SINGAPORE INTERNATIONAL SCHOOL (HONG KONG)","幼稚園","國際","私立","港島","南區","","",123000,123000
"edb_216003000223","新加坡國際學校","SINGAPORE INTERNATIONAL SCHOOL (HONG KONG)","小學","國際","私立","港島","南區","OTHER_INTL","ENGLISH;PUTONGHUA",181100,181100
"edb_216003000433","新加坡國際學校","SINGAPORE INTERNATIONAL SCHOOL (HONG KONG)","中學","國際","私立","港島","南區","OTHER_INTL","ENGLISH;PUTONGHUA",228800,274900
"edb_609498000223","香港西班牙學校","SPANISH SCHOOL OF HONG KONG","小學","國際","私立","新界","大埔區","OTHER_INTL","SPANISH;ENGLISH;CANTONESE",85000,125000
"edb_609498000123","香港西班牙學校","SPANISH SCHOOL OF HONG KONG","小學","國際","私立","新界","大埔區","OTHER_INTL","SPANISH;ENGLISH;CANTONESE",85000,125000
"edb_609498000133","香港西班牙學校","SPANISH SCHOOL OF HONG KONG","中學","國際","私立","新界","大埔區","OTHER_INTL","SPANISH;ENGLISH;CANTONESE",128000,138000
"edb_609498000233","香港西班牙學校","SPANISH SCHOOL OF HONG KONG","中學","國際","私立","新界","大埔區","OTHER_INTL","SPANISH;ENGLISH;CANTONESE",128000,138000
"edb_215120000111","國際英文幼稚園","ST. CATHERINE'S INTERNATIONAL KINDERGARTEN","幼稚園","國際","私立","九龍","九龍城區","","",0,0
"edb_215120000211","國際英文幼稚園","ST. CATHERINE'S INTERNATIONAL KINDERGARTEN","幼稚園","國際","私立","九龍","九龍城區","","",0,0
"edb_215120000212","國際英文幼稚園","ST. CATHERINE'S INTERNATIONAL KINDERGARTEN","幼稚園","國際","私立","九龍","九龍城區","","",0,0
"edb_215120000112","國際英文幼稚園","ST. CATHERINE'S INTERNATIONAL KINDERGARTEN","幼稚園","國際","私立","九龍","九龍城區","","",0,0
"edb_605638000123","STAMFORD AMERICAN SCHOOL HONG KONG","STAMFORD AMERICAN SCHOOL HONG KONG","小學","國際","私立","九龍","九龍城區","AMERICAN","ENGLISH",217100,220500
"edb_605638000133","STAMFORD AMERICAN SCHOOL HONG KONG","STAMFORD AMERICAN SCHOOL HONG KONG","中學","國際","私立","九龍","九龍城區","AMERICAN","ENGLISH",239900,264000
"edb_626864000133","STAMFORD AMERICAN SCHOOL HONG KONG (WEST KOWLOON)","STAMFORD AMERICAN SCHOOL HONG KONG (WEST KOWLOON)","中學","國際","私立","九龍","油尖旺區","AMERICAN","ENGLISH",239900,264000
"edb_548430000611","蒙特梭利國際學校","THE INTERNATIONAL MONTESSORI SCHOOL - AN IMEF SCHOOL","幼稚園","國際","私立","港島","南區","","",143000,206500
"edb_548430000311","蒙特梭利國際學校","THE INTERNATIONAL MONTESSORI SCHOOL - AN IMEF SCHOOL","幼稚園","國際","私立","港島","南區","","",0,0
"edb_548430000312","蒙特梭利國際學校","THE INTERNATIONAL MONTESSORI SCHOOL - AN IMEF SCHOOL","幼稚園","國際","私立","港島","南區","","",0,0
"edb_548430000711","蒙特梭利國際學校","THE INTERNATIONAL MONTESSORI SCHOOL - AN IMEF SCHOOL","幼稚園","國際","私立","港島","南區","","",0,0
"edb_548430000411","蒙特梭利國際學校","THE INTERNATIONAL MONTESSORI SCHOOL - AN IMEF SCHOOL","幼稚園","國際","私立","港島","南區","","",0,0
"edb_548430000412","蒙特梭利國際學校","THE INTERNATIONAL MONTESSORI SCHOOL - AN IMEF SCHOOL","幼稚園","國際","私立","港島","南區","","",0,0
"edb_548430000623","蒙特梭利國際學校","THE INTERNATIONAL MONTESSORI SCHOOL - AN IMEF SCHOOL","小學","國際","私立","港島","南區","OTHER_INTL","ENGLISH;PUTONGHUA",0,0
"edb_548430000633","蒙特梭利國際學校","THE INTERNATIONAL MONTESSORI SCHOOL - AN IMEF SCHOOL","中學","國際","私立","港島","南區","OTHER_INTL","ENGLISH;PUTONGHUA",0,0
"edb_170836000133","THE SOUTH ISLAND SCHOOL","THE SOUTH ISLAND SCHOOL","中學","國際","私立","港島","南區","IB","ENGLISH",159400,181100
"edb_216267000111","朗思國際幼稚園","THINK INTERNATIONAL KINDERGARTEN","幼稚園","國際","私立","九龍","觀塘區","","",0,0
"edb_216267000113","朗思國際幼稚園","THINK INTERNATIONAL KINDERGARTEN","幼稚園","國際","私立","九龍","觀塘區","","",0,0
"edb_216267000112","朗思國際幼稚園","THINK INTERNATIONAL KINDERGARTEN","幼稚園","國際","私立","九龍","觀塘區","","",0,0
"edb_533360000212","朗思國際幼稚園（馬鞍山）","THINK INTERNATIONAL KINDERGARTEN (MA ON SHAN)","幼稚園","國際","私立","新界","沙田區","","",0,0
"edb_533360000211","朗思國際幼稚園（馬鞍山）","THINK INTERNATIONAL KINDERGARTEN (MA ON SHAN)","幼稚園","國際","私立","新界","沙田區","","",0,0
"edb_533360000213","朗思國際幼稚園（馬鞍山）","THINK INTERNATIONAL KINDERGARTEN (MA ON SHAN)","幼稚園","國際","私立","新界","沙田區","","",0,0
"edb_612782000113","朗思國際幼稚園(南昌)","THINK INTERNATIONAL KINDERGARTEN (NAM CHEONG)","幼稚園","國際","私立","九龍","深水埗區","","",0,0
"edb_612782000111","朗思國際幼稚園(南昌)","THINK INTERNATIONAL KINDERGARTEN (NAM CHEONG)","幼稚園","國際","私立","九龍","深水埗區","","",0,0
"edb_612782000112","朗思國際幼稚園(南昌)","THINK INTERNATIONAL KINDERGARTEN (NAM CHEONG)","幼稚園","國際","私立","九龍","深水埗區","","",0,0
"edb_602000000113","德怡國際幼稚園(元朗)","TOPKIDS INTERNATIONAL KINDERGARTEN (YUEN LONG)","幼稚園","國際","私立","新界","元朗區","","",0,0
"edb_602000000112","德怡國際幼稚園（元朗）","TOPKIDS INTERNATIONAL KINDERGARTEN (YUEN LONG)","幼稚園","國際","私立","新界","元朗區","","",0,0
"edb_602000000111","德怡國際幼稚園（元朗）","TOPKIDS INTERNATIONAL KINDERGARTEN (YUEN LONG)","幼稚園","國際","私立","新界","元朗區","","",0,0
"edb_575852000112","多多寶馬山國際幼稚園","TUTOR TIME BRAEMAR HILL INTERNATIONAL KINDERGARTEN","幼稚園","國際","私立","港島","東區","","",0,0
"edb_575852000111","多多寶馬山國際幼稚園","TUTOR TIME BRAEMAR HILL INTERNATIONAL KINDERGARTEN","幼稚園","國際","私立","港島","東區","","",0,0
"edb_542504000111","多多國際幼稚園（九龍塘）","TUTOR TIME INTERNATIONAL KINDERGARTEN (KOWLOON TONG)","幼稚園","國際","私立","九龍","九龍城區","","",0,0
"edb_542504000112","多多國際幼稚園（九龍塘）","TUTOR TIME INTERNATIONAL KINDERGARTEN (KOWLOON TONG)","幼稚園","國際","私立","九龍","九龍城區","","",0,0
"edb_593133000111","多多國際幼稚園（半山）","TUTOR TIME INTERNATIONAL KINDERGARTEN (MID LEVELS)","幼稚園","國際","私立","港島","中西區","","",0,0
"edb_593133000112","多多國際幼稚園（半山）","TUTOR TIME INTERNATIONAL KINDERGARTEN (MID LEVELS)","幼稚園","國際","私立","港島","中西區","","",0,0
"edb_605794000111","多多國際幼稚園（形點）","TUTOR TIME INTERNATIONAL KINDERGARTEN (YOHO)","幼稚園","國際","私立","新界","元朗區","","",0,0
"edb_605794000112","多多國際幼稚園（形點）","TUTOR TIME INTERNATIONAL KINDERGARTEN (YOHO)","幼稚園","國際","私立","新界","元朗區","","",0,0
"edb_618039000112","維多利亞(何文田)國際幼稚園","VICTORIA (HOMANTIN) INTERNATIONAL KINDERGARTEN","幼稚園","國際","私立","九龍","九龍城區","","",105280,206510
"edb_618039000111","維多利亞(何文田)國際幼稚園","VICTORIA (HOMANTIN) INTERNATIONAL KINDERGARTEN","幼稚園","國際","私立","九龍","九龍城區","","",105280,206510
"edb_566900000112","維多利亞（何文田）國際幼兒園","VICTORIA (HOMANTIN) INTERNATIONAL NURSERY","幼稚園","國際","私立","九龍","九龍城區","","",105280,206510
"edb_566900000113","維多利亞（何文田）國際幼兒園","VICTORIA (HOMANTIN) INTERNATIONAL NURSERY","幼稚園","國際","私立","九龍","九龍城區","","",105280,206510
"edb_566900000111","維多利亞（何文田）國際幼兒園","VICTORIA (HOMANTIN) INTERNATIONAL NURSERY","幼稚園","國際","私立","九龍","九龍城區","","",105280,206510
"edb_619850000111","維多利亞(海之戀)國際幼稚園","VICTORIA (OCEAN PRIDE) INTERNATIONAL KINDERGARTEN","幼稚園","國際","私立","新界","荃灣區","","",102400,127919
"edb_619850000112","維多利亞(海之戀)國際幼稚園","VICTORIA (OCEAN PRIDE) INTERNATIONAL KINDERGARTEN","幼稚園","國際","私立","新界","荃灣區","","",102400,127919
"edb_216194000111","維多利亞（海怡）國際幼稚園","VICTORIA (SOUTH HORIZONS) INTERNATIONAL KINDERGARTEN","幼稚園","國際","私立","港島","南區","","",110520,207140
"edb_216194000113","維多利亞（海怡）國際幼稚園","VICTORIA (SOUTH HORIZONS) INTERNATIONAL KINDERGARTEN","幼稚園","國際","私立","港島","南區","","",110520,207140
"edb_216194000112","維多利亞（海怡）國際幼稚園","VICTORIA (SOUTH HORIZONS) INTERNATIONAL KINDERGARTEN","幼稚園","國際","私立","港島","南區","","",110520,207140
"edb_560138000223","滬江維多利亞學校","VICTORIA SHANGHAI ACADEMY","小學","國際","私立","港島","南區","IB","ENGLISH;PUTONGHUA",181200,200700
"edb_560138000233","滬江維多利亞學校","VICTORIA SHANGHAI ACADEMY","中學","國際","私立","港島","南區","IB","ENGLISH;PUTONGHUA",203700,255600
"edb_590401000111","宏廣國際幼稚園","WELLCOME INTERNATIONAL KINDERGARTEN","幼稚園","國際","私立","新界","屯門區","","",0,0
"edb_590401000113","宏廣國際幼稚園","WELLCOME INTERNATIONAL KINDERGARTEN","幼稚園","國際","私立","新界","屯門區","","",0,0
"edb_590401000112","宏廣國際幼稚園","WELLCOME INTERNATIONAL KINDERGARTEN","幼稚園","國際","私立","新界","屯門區","","",0,0
"edb_170992000133","WEST ISLAND SCHOOL","WEST ISLAND SCHOOL","中學","國際","私立","港島","南區","IB","ENGLISH",159400,181100
"edb_607215000111","WILDERNESS INTERNATIONAL KINDERGARTEN","WILDERNESS INTERNATIONAL KINDERGARTEN","幼稚園","國際","私立","港島","中西區","","",0,0
"edb_607215000112","WILDERNESS INTERNATIONAL KINDERGARTEN","WILDERNESS INTERNATIONAL KINDERGARTEN","幼稚園","國際","私立","港島","中西區","","",0,0
"edb_566128000111","耀中國際幼稚園（根德道）","YEW CHUNG INTERNATIONAL CHILDREN'S HOUSE (KENT ROAD)","幼稚園","國際","私立","九龍","九龍城區","","",0,0
"edb_566128000113","耀中國際幼稚園（根德道）","YEW CHUNG INTERNATIONAL CHILDREN'S HOUSE (KENT ROAD)","幼稚園","國際","私立","九龍","九龍城區","","",0,0
"edb_566128000112","耀中國際幼稚園（根德道）","YEW CHUNG INTERNATIONAL CHILDREN'S HOUSE (KENT ROAD)","幼稚園","國際","私立","九龍","九龍城區","","",0,0
"edb_566110000113","耀中國際幼稚園（窩打老道）","YEW CHUNG INTERNATIONAL CHILDREN'S HOUSE (WATERLOO ROAD)","幼稚園","國際","私立","九龍","九龍城區","","",0,0
"edb_613517000111","耀中國際幼稚園(將軍澳)","YEW CHUNG INTERNATIONAL KINDERGARTEN (TSEUNG KWAN O)","幼稚園","國際","私立","新界","西貢區","","",0,0
"edb_613517000112","耀中國際幼稚園(將軍澳)","YEW CHUNG INTERNATIONAL KINDERGARTEN (TSEUNG KWAN O)","幼稚園","國際","私立","新界","西貢區","","",0,0
"edb_613517000113","耀中國際幼稚園(將軍澳)","YEW CHUNG INTERNATIONAL KINDERGARTEN (TSEUNG KWAN O)","幼稚園","國際","私立","新界","西貢區","","",0,0
"edb_325147000611","耀中國際學校","YEW CHUNG INTERNATIONAL SCHOOL","幼稚園","國際","私立","九龍","九龍城區","","",134728,249216
"edb_325147000612","耀中國際學校","YEW CHUNG INTERNATIONAL SCHOOL","幼稚園","國際","私立","九龍","九龍城區","","",134728,249216
"edb_325147000613","耀中國際學校","YEW CHUNG INTERNATIONAL SCHOOL","幼稚園","國際","私立","九龍","九龍城區","","",134728,249216
"edb_325147000223","耀中國際學校","YEW CHUNG INTERNATIONAL SCHOOL","小學","國際","私立","九龍","九龍城區","IB","ENGLISH",265420,265420
"edb_325147000623","耀中國際學校","YEW CHUNG INTERNATIONAL SCHOOL","小學","國際","私立","九龍","九龍城區","IB","ENGLISH",265420,265420
"edb_325147000423","耀中國際學校","YEW CHUNG INTERNATIONAL SCHOOL","小學","國際","私立","九龍","九龍城區","IB","ENGLISH",265420,265420
"edb_567450000133","耀中國際學校（中學）","YEW CHUNG INTERNATIONAL SCHOOL - SECONDARY","中學","國際","私立","九龍","九龍城區","IB","ENGLISH",266040,272140
"edb_216178000111","港青基信國際幼稚園","YMCA OF HONG KONG CHRISTIAN INTERNATIONAL KINDERGARTEN","幼稚園","國際","私立","九龍","油尖旺區","","",71220,125480
"edb_216178000113","港青基信國際幼稚園","YMCA OF HONG KONG CHRISTIAN INTERNATIONAL KINDERGARTEN","幼稚園","國際","私立","九龍","油尖旺區","","",71220,125480
"edb_216178000112","港青基信國際幼稚園","YMCA OF HONG KONG CHRISTIAN INTERNATIONAL KINDERGARTEN","幼稚園","國際","私立","九龍","油尖旺區","","",71220,125480
"edb_581852000111","約克國際幼稚園","YORK INTERNATIONAL KINDERGARTEN","幼稚園","國際","私立","九龍","九龍城區","","",0,0
"edb_581852000112","約克國際幼稚園","YORK INTERNATIONAL KINDERGARTEN","幼稚園","國際","私立","九龍","九龍城區","","",0,0
"edb_581852000311","約克國際幼稚園","YORK INTERNATIONAL KINDERGARTEN","幼稚園","國際","私立","九龍","九龍城區","","",0,0
"edb_581852000312","約克國際幼稚園","YORK INTERNATIONAL KINDERGARTEN","幼稚園","國際","私立","九龍","九龍城區","","",0,0
"edb_578479000111","YORK INTERNATIONAL PRE-SCHOOL","YORK INTERNATIONAL PRE-SCHOOL","幼稚園","國際","私立","九龍","九龍城區","","",0,0
"edb_578479000112","YORK INTERNATIONAL PRE-SCHOOL","YORK INTERNATIONAL PRE-SCHOOL","幼稚園","國際","私立","九龍","九龍城區","","",0,0
"edb_616990000112","YORK INTERNATIONAL PRE-SCHOOL (TUEN MUN)","YORK INTERNATIONAL PRE-SCHOOL (TUEN MUN)","幼稚園","國際","私立","新界","屯門區","","",0,0
"edb_616990000113","YORK INTERNATIONAL PRE-SCHOOL (TUEN MUN)","YORK INTERNATIONAL PRE-SCHOOL (TUEN MUN)","幼稚園","國際","私立","新界","屯門區","","",0,0
"edb_616990000111","YORK INTERNATIONAL PRE-SCHOOL (TUEN MUN)","YORK INTERNATIONAL PRE-SCHOOL (TUEN MUN)","幼稚園","國際","私立","新界","屯門區","","",0,0
"edb_621480000112","YORK INTERNATIONAL PRE-SCHOOL (WETLAND)","YORK INTERNATIONAL PRE-SCHOOL (WETLAND)","幼稚園","國際","私立","新界","元朗區","","",0,0
"edb_621480000113","YORK INTERNATIONAL PRE-SCHOOL (WETLAND)","YORK INTERNATIONAL PRE-SCHOOL (WETLAND)","幼稚園","國際","私立","新界","元朗區","","",0,0
"edb_621480000111","YORK INTERNATIONAL PRE-SCHOOL (WETLAND)","YORK INTERNATIONAL PRE-SCHOOL (WETLAND)","幼稚園","國際","私立","新界","元朗區","","",0,0
"edb_604615000113","YORK MONTESSORI INTERNATIONAL PRE-SCHOOL (MEI FOO)","YORK MONTESSORI INTERNATIONAL PRE-SCHOOL (MEI FOO)","幼稚園","國際","私立","九龍","深水埗區","","",0,0
"edb_604615000112","YORK MONTESSORI INTERNATIONAL PRE-SCHOOL (MEI FOO)","YORK MONTESSORI INTERNATIONAL PRE-SCHOOL (MEI FOO)","幼稚園","國際","私立","九龍","深水埗區","","",0,0
"edb_604615000111","YORK MONTESSORI INTERNATIONAL PRE-SCHOOL (MEI FOO)","YORK MONTESSORI INTERNATIONAL PRE-SCHOOL (MEI FOO)","幼稚園","國際","私立","九龍","深水埗區","","",0,0
"edb_609749000112","YORK MONTESSORI INTERNATIONAL PRE-SCHOOL (TSEUNG KWAN O)","YORK MONTESSORI INTERNATIONAL PRE-SCHOOL (TSEUNG KWAN O)","幼稚園","國際","私立","新界","西貢區","","",0,0
"edb_609749000111","YORK MONTESSORI INTERNATIONAL PRE-SCHOOL (TSEUNG KWAN O)","YORK MONTESSORI INTERNATIONAL PRE-SCHOOL (TSEUNG KWAN O)","幼稚園","國際","私立","新界","西貢區","","",0,0
"edb_605441000112","YORK MONTESSORI INTERNATIONAL PRE-SCHOOL (YUEN LONG)","YORK MONTESSORI INTERNATIONAL PRE-SCHOOL (YUEN LONG)","幼稚園","國際","私立","新界","元朗區","","",0,0
"edb_605441000111","YORK MONTESSORI INTERNATIONAL PRE-SCHOOL (YUEN LONG)","YORK MONTESSORI INTERNATIONAL PRE-SCHOOL (YUEN LONG)","幼稚園","國際","私立","新界","元朗區","","",0,0
"edb_573973000112","思百德國際幼稚園","ZEBEDEE INTERNATIONAL PRESCHOOL","幼稚園","國際","私立","新界","大埔區","","",0,0
"edb_573973000111","思百德國際幼稚園","ZEBEDEE INTERNATIONAL PRESCHOOL","幼稚園","國際","私立","新界","大埔區","","",0,0