school_name_en,school_name_zh,edb_id,level,district,baseName
ABC PATHWAYS INTERNATIONAL KINDERGARTEN,ABC PATHWAYS INTERNATIONAL KINDERGARTEN,edb_602329000111,幼稚園,東區,ABC PATHWAYS INTERNATIONAL KINDERGARTEN
ABC PATHWAYS INTERNATIONAL KINDERGARTEN,ABC PATHWAYS INTERNATIONAL KINDERGARTEN,edb_602329000112,幼稚園,東區,ABC PATHWAYS INTERNATIONAL KINDERGARTEN
ABC PATHWAYS INTERNATIONAL KINDERGARTEN (WHAMPOA GARDEN),ABC PATHWAYS INTERNATIONAL KINDERGARTEN (WHAMPOA GARDEN),edb_603864000211,幼稚園,九龍城區,ABC PATHWAYS INTERNATIONAL KINDERGARTEN
ABC PATHWAYS INTERNATIONAL KINDERGARTEN (WHAMPOA GARDEN),ABC PATHWAYS INTERNATIONAL KINDERGARTEN (WHAMPOA GARDEN),edb_603864000212,幼稚園,九龍城區,ABC PATHWAYS INTERNATIONAL KINDERGARTEN
ABC PATHWAYS INTERNATIONAL KINDERGARTEN (WHAMPOA GARDEN),ABC PATHWAYS INTERNATIONAL KINDERGARTEN (WHAMPOA GARDEN),edb_603864000213,幼稚園,九龍城區,ABC PATHWAYS INTERNATIONAL KINDERGARTEN
ANCHORS ACADEMY AFFILIATED INTERNATIONAL KINDERGARTEN,安基司學校附屬國際幼稚園,edb_622060000112,幼稚園,元朗區,ANCHORS ACADEMY AFFILIATED INTERNATIONAL KINDERGARTEN
ANCHORS ACADEMY AFFILIATED INTERNATIONAL KINDERGARTEN,安基司學校附屬國際幼稚園,edb_622060000113,幼稚園,元朗區,ANCHORS ACADEMY AFFILIATED INTERNATIONAL KINDERGARTEN
ANCHORS ACADEMY AFFILIATED INTERNATIONAL KINDERGARTEN,安基司學校附屬國際幼稚園,edb_622060000111,幼稚園,元朗區,ANCHORS ACADEMY AFFILIATED INTERNATIONAL KINDERGARTEN
ANCHORS INTERNATIONAL NURSERY,安基司國際幼兒園,edb_565199000212,幼稚園,大埔區,ANCHORS INTERNATIONAL NURSERY
ANCHORS INTERNATIONAL NURSERY,安基司國際幼兒園,edb_565199000211,幼稚園,大埔區,ANCHORS INTERNATIONAL NURSERY
ANCHORS INTERNATIONAL NURSERY,安基司國際幼兒園,edb_565199000213,幼稚園,大埔區,ANCHORS INTERNATIONAL NURSERY
ANCHORS INTERNATIONAL NURSERY,安基司國際幼兒園,edb_565199000113,幼稚園,大埔區,ANCHORS INTERNATIONAL NURSERY
ANCHORS INTERNATIONAL NURSERY,安基司國際幼兒園,edb_565199000111,幼稚園,大埔區,ANCHORS INTERNATIONAL NURSERY
ANCHORS INTERNATIONAL NURSERY,安基司國際幼兒園,edb_565199000112,幼稚園,大埔區,ANCHORS INTERNATIONAL NURSERY
ANFIELD INTERNATIONAL KINDERGARTEN,安菲爾國際幼稚園,edb_535818000312,幼稚園,九龍城區,ANFIELD INTERNATIONAL KINDERGARTEN
ANFIELD INTERNATIONAL KINDERGARTEN,安菲爾國際幼稚園,edb_535818000311,幼稚園,九龍城區,ANFIELD INTERNATIONAL KINDERGARTEN
ANFIELD INTERNATIONAL KINDERGARTEN,安菲爾國際幼稚園,edb_535818000313,幼稚園,九龍城區,ANFIELD INTERNATIONAL KINDERGARTEN
ANFIELD INTERNATIONAL KINDERGARTEN,安菲爾國際幼稚園,edb_535818000211,幼稚園,九龍城區,ANFIELD INTERNATIONAL KINDERGARTEN
ANFIELD INTERNATIONAL KINDERGARTEN,安菲爾國際幼稚園,edb_535818000212,幼稚園,九龍城區,ANFIELD INTERNATIONAL KINDERGARTEN
ANFIELD INTERNATIONAL KINDERGARTEN,安菲爾國際幼稚園,edb_535818000213,幼稚園,九龍城區,ANFIELD INTERNATIONAL KINDERGARTEN
ARISTLE INTERNATIONAL KINDERGARTEN,雅士圖國際幼稚園,edb_604470000111,幼稚園,深水埗區,ARISTLE INTERNATIONAL KINDERGARTEN
ARISTLE INTERNATIONAL KINDERGARTEN,雅士圖國際幼稚園,edb_604470000112,幼稚園,深水埗區,ARISTLE INTERNATIONAL KINDERGARTEN
CAUSEWAY BAY VICTORIA INTERNATIONAL KINDERGARTEN,銅鑼灣維多利亞國際幼稚園,edb_325651000113,幼稚園,灣仔區,CAUSEWAY BAY VICTORIA INTERNATIONAL KINDERGARTEN
CAUSEWAY BAY VICTORIA INTERNATIONAL KINDERGARTEN,銅鑼灣維多利亞國際幼稚園,edb_325651000112,幼稚園,灣仔區,CAUSEWAY BAY VICTORIA INTERNATIONAL KINDERGARTEN
CHATSWORTH INTERNATIONAL KINDERGARTEN (BOUNDARY STREET),新加坡卓薈國際幼稚園(界限街),edb_599182000111,幼稚園,九龍城區,CHATSWORTH INTERNATIONAL KINDERGARTEN
CHATSWORTH INTERNATIONAL KINDERGARTEN (BOUNDARY STREET),新加坡卓薈國際幼稚園(界限街),edb_599182000112,幼稚園,九龍城區,CHATSWORTH INTERNATIONAL KINDERGARTEN
CHATSWORTH INTERNATIONAL KINDERGARTEN (BOUNDARY STREET),新加坡卓薈國際幼稚園(界限街),edb_599182000113,幼稚園,九龍城區,CHATSWORTH INTERNATIONAL KINDERGARTEN
CHRISTIAN ALLIANCE P.C. LAU MEMORIAL INTERNATIONAL SCHOOL,宣道會劉平齋紀念國際學校,edb_216127000123,小學,九龍城區,CHRISTIAN ALLIANCE P.C. LAU MEMORIAL INTERNATIONAL SCHOOL
DEBORAH INTERNATIONAL PRE-SCHOOL (BAUHINIA GARDEN),德寶國際幼兒學校（寶盈花園）,edb_567116000112,幼稚園,西貢區,DEBORAH INTERNATIONAL PRE
DEBORAH INTERNATIONAL PRE-SCHOOL (BAUHINIA GARDEN),德寶國際幼兒學校（寶盈花園）,edb_567116000113,幼稚園,西貢區,DEBORAH INTERNATIONAL PRE
DEBORAH INTERNATIONAL PRE-SCHOOL (BAUHINIA GARDEN),德寶國際幼兒學校（寶盈花園）,edb_567116000111,幼稚園,西貢區,DEBORAH INTERNATIONAL PRE
DEBORAH INTERNATIONAL PRE-SCHOOL (TSEUNG KWAN O),德寶國際幼兒學校（將軍澳）,edb_567108000112,幼稚園,西貢區,DEBORAH INTERNATIONAL PRE
DEBORAH INTERNATIONAL PRE-SCHOOL (TSEUNG KWAN O),德寶國際幼兒學校（將軍澳）,edb_567108000113,幼稚園,西貢區,DEBORAH INTERNATIONAL PRE
DEBORAH INTERNATIONAL PRE-SCHOOL (TSEUNG KWAN O),德寶國際幼兒學校（將軍澳）,edb_567108000111,幼稚園,西貢區,DEBORAH INTERNATIONAL PRE
DISCOVERY BAY INTERNATIONAL SCHOOL,DISCOVERY BAY INTERNATIONAL SCHOOL,edb_230987000133,中學,離島區,DISCOVERY BAY INTERNATIONAL SCHOOL
DISCOVERY MONTESSORI SCHOOL,香港國際蒙特梭利學校,edb_584606000113,幼稚園,離島區,DISCOVERY MONTESSORI SCHOOL
DISCOVERY MONTESSORI SCHOOL,香港國際蒙特梭利學校,edb_584606000112,幼稚園,離島區,DISCOVERY MONTESSORI SCHOOL
DISCOVERY MONTESSORI SCHOOL,香港國際蒙特梭利學校,edb_584606000111,幼稚園,離島區,DISCOVERY MONTESSORI SCHOOL
DISCOVERY MONTESSORI SCHOOL (CENTRAL),香港國際蒙特梭利學校(中環),edb_588032000111,幼稚園,中西區,DISCOVERY MONTESSORI SCHOOL
DISCOVERY MONTESSORI SCHOOL (CENTRAL),香港國際蒙特梭利學校(中環),edb_588032000112,幼稚園,中西區,DISCOVERY MONTESSORI SCHOOL
DISCOVERY MONTESSORI SCHOOL (CENTRAL),香港國際蒙特梭利學校(中環),edb_588032000113,幼稚園,中西區,DISCOVERY MONTESSORI SCHOOL
EIS INTERNATIONAL PRE-SCHOOL,艾蒙特國際幼稚園,edb_615633000113,幼稚園,元朗區,EIS INTERNATIONAL PRE
EIS INTERNATIONAL PRE-SCHOOL,艾蒙特國際幼稚園,edb_615633000111,幼稚園,元朗區,EIS INTERNATIONAL PRE
EIS INTERNATIONAL PRE-SCHOOL,艾蒙特國際幼稚園,edb_615633000112,幼稚園,元朗區,EIS INTERNATIONAL PRE
GALILEE INTERNATIONAL KINDERGARTEN,伽利利國際幼稚園,edb_597031000112,幼稚園,九龍城區,GALILEE INTERNATIONAL KINDERGARTEN
GALILEE INTERNATIONAL KINDERGARTEN,伽利利國際幼稚園,edb_597031000111,幼稚園,九龍城區,GALILEE INTERNATIONAL KINDERGARTEN
GERMAN SWISS INTERNATIONAL SCHOOL,德瑞國際學校,edb_214558000221,小學,南區,GERMAN SWISS INTERNATIONAL SCHOOL
GERMAN SWISS INTERNATIONAL SCHOOL,德瑞國際學校,edb_214558000121,小學,南區,GERMAN SWISS INTERNATIONAL SCHOOL
GERMAN SWISS INTERNATIONAL SCHOOL,德瑞國際學校,edb_214558000133,中學,南區,GERMAN SWISS INTERNATIONAL SCHOOL
GERMAN SWISS INTERNATIONAL SCHOOL,德瑞國際學校,edb_214558000211,幼稚園,南區,GERMAN SWISS INTERNATIONAL SCHOOL
GRACE GARDEN INTERNATIONAL KINDERGARTEN (LEI KING WAN),雅惠國際幼稚園（鯉景灣）,edb_604585000112,幼稚園,東區,GRACE GARDEN INTERNATIONAL KINDERGARTEN
GRACE GARDEN INTERNATIONAL KINDERGARTEN (LEI KING WAN),雅惠國際幼稚園（鯉景灣）,edb_604585000111,幼稚園,東區,GRACE GARDEN INTERNATIONAL KINDERGARTEN
GREENFIELD ENGLISH (INTERNATIONAL) KINDERGARTEN (LOHAS PARK),綠茵英文（國際）幼稚園（日出康城）,edb_604372000112,幼稚園,西貢區,GREENFIELD ENGLISHKINDERGARTEN
GREENFIELD ENGLISH (INTERNATIONAL) KINDERGARTEN (LOHAS PARK),綠茵英文（國際）幼稚園（日出康城）,edb_604372000111,幼稚園,西貢區,GREENFIELD ENGLISHKINDERGARTEN
GREENFIELD ENGLISH (INTERNATIONAL) KINDERGARTEN (TSEUNG KWAN O),綠茵英文（國際）幼稚園（將軍澳）,edb_523984000212,幼稚園,西貢區,GREENFIELD ENGLISHKINDERGARTEN
GREENFIELD ENGLISH (INTERNATIONAL) KINDERGARTEN (TSEUNG KWAN O),綠茵英文（國際）幼稚園（將軍澳）,edb_523984000211,幼稚園,西貢區,GREENFIELD ENGLISHKINDERGARTEN
GREENFIELD ENGLISH (INTERNATIONAL) KINDERGARTEN (TSEUNG KWAN O),綠茵英文（國際）幼稚園（將軍澳）,edb_523984000213,幼稚園,西貢區,GREENFIELD ENGLISHKINDERGARTEN
GUIDEPOST MONTESSORI INTERNATIONAL KINDERGARTEN (CHAI WAN),GUIDEPOST MONTESSORI INTERNATIONAL KINDERGARTEN (CHAI WAN),edb_609285000111,幼稚園,東區,GUIDEPOST MONTESSORI INTERNATIONAL KINDERGARTEN
GUIDEPOST MONTESSORI INTERNATIONAL KINDERGARTEN (CHAI WAN),GUIDEPOST MONTESSORI INTERNATIONAL KINDERGARTEN (CHAI WAN),edb_609285000112,幼稚園,東區,GUIDEPOST MONTESSORI INTERNATIONAL KINDERGARTEN
GUIDEPOST MONTESSORI INTERNATIONAL KINDERGARTEN (CLEARWATER BAY),GUIDEPOST MONTESSORI INTERNATIONAL KINDERGARTEN (CLEARWATER BAY),edb_583774000111,幼稚園,西貢區,GUIDEPOST MONTESSORI INTERNATIONAL KINDERGARTEN
GUIDEPOST MONTESSORI INTERNATIONAL KINDERGARTEN (CLEARWATER BAY),GUIDEPOST MONTESSORI INTERNATIONAL KINDERGARTEN (CLEARWATER BAY),edb_583774000112,幼稚園,西貢區,GUIDEPOST MONTESSORI INTERNATIONAL KINDERGARTEN
GUIDEPOST MONTESSORI INTERNATIONAL KINDERGARTEN (DISCOVERY BAY),GUIDEPOST MONTESSORI INTERNATIONAL KINDERGARTEN (DISCOVERY BAY),edb_609625000112,幼稚園,離島區,GUIDEPOST MONTESSORI INTERNATIONAL KINDERGARTEN
GUIDEPOST MONTESSORI INTERNATIONAL KINDERGARTEN (DISCOVERY BAY),GUIDEPOST MONTESSORI INTERNATIONAL KINDERGARTEN (DISCOVERY BAY),edb_609625000111,幼稚園,離島區,GUIDEPOST MONTESSORI INTERNATIONAL KINDERGARTEN
GUIDEPOST MONTESSORI INTERNATIONAL KINDERGARTEN (KENNEDY TOWN),GUIDEPOST MONTESSORI INTERNATIONAL KINDERGARTEN (KENNEDY TOWN),edb_611484000112,幼稚園,中西區,GUIDEPOST MONTESSORI INTERNATIONAL KINDERGARTEN
GUIDEPOST MONTESSORI INTERNATIONAL KINDERGARTEN (KENNEDY TOWN),GUIDEPOST MONTESSORI INTERNATIONAL KINDERGARTEN (KENNEDY TOWN),edb_611484000111,幼稚園,中西區,GUIDEPOST MONTESSORI INTERNATIONAL KINDERGARTEN
GUIDEPOST MONTESSORI INTERNATIONAL KINDERGARTEN (POK FU LAM),GUIDEPOST MONTESSORI INTERNATIONAL KINDERGARTEN (POK FU LAM),edb_598089000112,幼稚園,南區,GUIDEPOST MONTESSORI INTERNATIONAL KINDERGARTEN
GUIDEPOST MONTESSORI INTERNATIONAL KINDERGARTEN (POK FU LAM),GUIDEPOST MONTESSORI INTERNATIONAL KINDERGARTEN (POK FU LAM),edb_598089000111,幼稚園,南區,GUIDEPOST MONTESSORI INTERNATIONAL KINDERGARTEN
GUIDEPOST MONTESSORI INTERNATIONAL PRE-SCHOOL (HAPPY VALLEY HAWTHORN ROAD),GUIDEPOST MONTESSORI INTERNATIONAL PRE-SCHOOL (HAPPY VALLEY HAWTHORN ROAD),edb_564958000111,幼稚園,灣仔區,GUIDEPOST MONTESSORI INTERNATIONAL PRE
GUIDEPOST MONTESSORI INTERNATIONAL PRE-SCHOOL (HAPPY VALLEY HAWTHORN ROAD),GUIDEPOST MONTESSORI INTERNATIONAL PRE-SCHOOL (HAPPY VALLEY HAWTHORN ROAD),edb_564958000112,幼稚園,灣仔區,GUIDEPOST MONTESSORI INTERNATIONAL PRE
GUIDEPOST MONTESSORI INTERNATIONAL PRE-SCHOOL (MID-LEVELS),GUIDEPOST MONTESSORI INTERNATIONAL PRE-SCHOOL (MID-LEVELS),edb_594725000111,幼稚園,中西區,GUIDEPOST MONTESSORI INTERNATIONAL PRE
GUIDEPOST MONTESSORI INTERNATIONAL PRE-SCHOOL (MID-LEVELS),GUIDEPOST MONTESSORI INTERNATIONAL PRE-SCHOOL (MID-LEVELS),edb_594725000112,幼稚園,中西區,GUIDEPOST MONTESSORI INTERNATIONAL PRE
GUIDEPOST MONTESSORI INTERNATIONAL PRE-SCHOOL (REPULSE BAY),GUIDEPOST MONTESSORI INTERNATIONAL PRE-SCHOOL (REPULSE BAY),edb_602256000112,幼稚園,南區,GUIDEPOST MONTESSORI INTERNATIONAL PRE
GUIDEPOST MONTESSORI INTERNATIONAL PRE-SCHOOL (REPULSE BAY),GUIDEPOST MONTESSORI INTERNATIONAL PRE-SCHOOL (REPULSE BAY),edb_602256000111,幼稚園,南區,GUIDEPOST MONTESSORI INTERNATIONAL PRE
GUIDEPOST MONTESSORI INTERNATIONAL PRE-SCHOOL (SAI KUNG),GUIDEPOST MONTESSORI INTERNATIONAL PRE-SCHOOL (SAI KUNG),edb_578630000111,幼稚園,西貢區,GUIDEPOST MONTESSORI INTERNATIONAL PRE
GUIDEPOST MONTESSORI INTERNATIONAL PRE-SCHOOL (SAI KUNG),GUIDEPOST MONTESSORI INTERNATIONAL PRE-SCHOOL (SAI KUNG),edb_578630000112,幼稚園,西貢區,GUIDEPOST MONTESSORI INTERNATIONAL PRE
HARROW INTERNATIONAL SCHOOL HONG KONG,哈羅香港國際學校,edb_590800000113,幼稚園,屯門區,HARROW INTERNATIONAL SCHOOL HONG KONG
HONG KONG ACADEMY,香港學堂國際學校,edb_539155000311,幼稚園,西貢區,HONG KONG ACADEMY
INTERNATIONAL CHRISTIAN QUALITY MUSIC SECONDARY AND PRIMARY SCHOOL,國際基督教優質音樂中學暨小學,edb_553867000323,小學,黃大仙區,INTERNATIONAL CHRISTIAN QUALITY MUSIC SECONDARY AND PRIMARY SCHOOL
INTERNATIONAL CHRISTIAN QUALITY MUSIC SECONDARY AND PRIMARY SCHOOL,國際基督教優質音樂中學暨小學,edb_553867000333,中學,黃大仙區,INTERNATIONAL CHRISTIAN QUALITY MUSIC SECONDARY AND PRIMARY SCHOOL
INTERNATIONAL CHRISTIAN SCHOOL - KINDERGARTEN,基督教國際學校－幼稚園,edb_542598000211,幼稚園,沙田區,INTERNATIONAL CHRISTIAN SCHOOL
INTERNATIONAL CHRISTIAN SCHOOL - KINDERGARTEN,基督教國際學校－幼稚園,edb_542598000212,幼稚園,沙田區,INTERNATIONAL CHRISTIAN SCHOOL
INTERNATIONAL COLLEGE HONG KONG (NEW TERRITORIES),INTERNATIONAL COLLEGE HONG KONG (NEW TERRITORIES),edb_578789000133,中學,北區,INTERNATIONAL COLLEGE HONG KONG
INTERNATIONAL COLLEGE HONG KONG HONG LOK YUEN (KINDERGARTEN SECTION),INTERNATIONAL COLLEGE HONG KONG HONG LOK YUEN (KINDERGARTEN SECTION),edb_230944000112,幼稚園,大埔區,INTERNATIONAL COLLEGE HONG KONG HONG LOK YUEN
INTERNATIONAL COLLEGE HONG KONG HONG LOK YUEN (KINDERGARTEN SECTION),INTERNATIONAL COLLEGE HONG KONG HONG LOK YUEN (KINDERGARTEN SECTION),edb_230944000113,幼稚園,大埔區,INTERNATIONAL COLLEGE HONG KONG HONG LOK YUEN
INTERNATIONAL COLLEGE HONG KONG HONG LOK YUEN (KINDERGARTEN SECTION),INTERNATIONAL COLLEGE HONG KONG HONG LOK YUEN (KINDERGARTEN SECTION),edb_230944000111,幼稚園,大埔區,INTERNATIONAL COLLEGE HONG KONG HONG LOK YUEN
ISLAND MONTESSORI INTERNATIONAL KINDERGARTEN,港島蒙特梭利國際幼稚園,edb_607223000111,幼稚園,東區,ISLAND MONTESSORI INTERNATIONAL KINDERGARTEN
ISLAND MONTESSORI INTERNATIONAL KINDERGARTEN,港島蒙特梭利國際幼稚園,edb_607223000112,幼稚園,東區,ISLAND MONTESSORI INTERNATIONAL KINDERGARTEN
ITALIAN INTERNATIONAL KINDERGARTEN,意大利國際幼稚園,edb_611646000111,幼稚園,南區,ITALIAN INTERNATIONAL KINDERGARTEN
ITALIAN INTERNATIONAL KINDERGARTEN,意大利國際幼稚園,edb_611646000113,幼稚園,南區,ITALIAN INTERNATIONAL KINDERGARTEN
ITALIAN INTERNATIONAL KINDERGARTEN,意大利國際幼稚園,edb_611646000112,幼稚園,南區,ITALIAN INTERNATIONAL KINDERGARTEN
JING JING INTERNATIONAL KINDERGARTEN,晶晶國際幼稚園,edb_587524000111,幼稚園,屯門區,JING JING INTERNATIONAL KINDERGARTEN
JING JING INTERNATIONAL KINDERGARTEN,晶晶國際幼稚園,edb_587524000112,幼稚園,屯門區,JING JING INTERNATIONAL KINDERGARTEN
JING JING INTERNATIONAL KINDERGARTEN,晶晶國際幼稚園,edb_587524000113,幼稚園,屯門區,JING JING INTERNATIONAL KINDERGARTEN
JOYFUL WORLD INTERNATIONAL KINDERGARTEN (TUEN MUN),心怡天地國際幼稚園(屯門),edb_615170000112,幼稚園,屯門區,JOYFUL WORLD INTERNATIONAL KINDERGARTEN
JOYFUL WORLD INTERNATIONAL KINDERGARTEN (TUEN MUN),心怡天地國際幼稚園(屯門),edb_615170000111,幼稚園,屯門區,JOYFUL WORLD INTERNATIONAL KINDERGARTEN
JOYFUL WORLD INTERNATIONAL KINDERGARTEN (YUEN LONG),心怡天地國際幼稚園(元朗),edb_612189000111,幼稚園,元朗區,JOYFUL WORLD INTERNATIONAL KINDERGARTEN
JOYFUL WORLD INTERNATIONAL KINDERGARTEN (YUEN LONG),心怡天地國際幼稚園(元朗),edb_612189000112,幼稚園,元朗區,JOYFUL WORLD INTERNATIONAL KINDERGARTEN
KENDALL INTERNATIONAL PRESCHOOL,漢迪國際幼稚園,edb_607703000111,幼稚園,深水埗區,KENDALL INTERNATIONAL PRESCHOOL
KENDALL INTERNATIONAL PRESCHOOL,漢迪國際幼稚園,edb_607703000112,幼稚園,深水埗區,KENDALL INTERNATIONAL PRESCHOOL
KENDALL INTERNATIONAL PRESCHOOL (ISLAND EAST),漢廸國際幼稚園(港島東),edb_325783000112,幼稚園,東區,KENDALL INTERNATIONAL PRESCHOOL
KENDALL INTERNATIONAL PRESCHOOL (ISLAND EAST),漢廸國際幼稚園(港島東),edb_325783000111,幼稚園,東區,KENDALL INTERNATIONAL PRESCHOOL
LANTAU INTERNATIONAL SCHOOL,LANTAU INTERNATIONAL SCHOOL,edb_518620000223,小學,離島區,LANTAU INTERNATIONAL SCHOOL
LANTAU INTERNATIONAL SCHOOL,LANTAU INTERNATIONAL SCHOOL,edb_518620000423,小學,離島區,LANTAU INTERNATIONAL SCHOOL
LES PETITS LASCARS FRENCH INTERNATIONAL PRESCHOOL,LES PETITS LASCARS FRENCH INTERNATIONAL PRESCHOOL,edb_614904000112,幼稚園,中西區,LES PETITS LASCARS FRENCH INTERNATIONAL PRESCHOOL
LES PETITS LASCARS FRENCH INTERNATIONAL PRESCHOOL,LES PETITS LASCARS FRENCH INTERNATIONAL PRESCHOOL,edb_614904000111,幼稚園,中西區,LES PETITS LASCARS FRENCH INTERNATIONAL PRESCHOOL
LES PETITS LASCARS FRENCH INTERNATIONAL PRESCHOOL (TSEUNG KWAN O),LES PETITS LASCARS FRENCH INTERNATIONAL PRESCHOOL (TSEUNG KWAN O),edb_614998000111,幼稚園,西貢區,LES PETITS LASCARS FRENCH INTERNATIONAL PRESCHOOL
LES PETITS LASCARS FRENCH INTERNATIONAL PRESCHOOL (TSEUNG KWAN O),LES PETITS LASCARS FRENCH INTERNATIONAL PRESCHOOL (TSEUNG KWAN O),edb_614998000112,幼稚園,西貢區,LES PETITS LASCARS FRENCH INTERNATIONAL PRESCHOOL
LYC'EE FRANCAIS INTERNATIONAL (FRENCH INTERNATIONAL SCHOOL),LYC'EE FRANCAIS INTERNATIONAL (FRENCH INTERNATIONAL SCHOOL),edb_214949000523,小學,東區,LYC'EE FRANCAIS INTERNATIONAL
LYC'EE FRANCAIS INTERNATIONAL (FRENCH INTERNATIONAL SCHOOL),LYC'EE FRANCAIS INTERNATIONAL (FRENCH INTERNATIONAL SCHOOL),edb_214949000723,小學,東區,LYC'EE FRANCAIS INTERNATIONAL
LYC'EE FRANCAIS INTERNATIONAL (FRENCH INTERNATIONAL SCHOOL),LYC'EE FRANCAIS INTERNATIONAL (FRENCH INTERNATIONAL SCHOOL),edb_214949000733,中學,東區,LYC'EE FRANCAIS INTERNATIONAL
MAGART INTERNATIONAL KINDERGARTEN,瑪歌瑞特國際幼稚園,edb_610623000111,幼稚園,九龍城區,MAGART INTERNATIONAL KINDERGARTEN
MAGART INTERNATIONAL KINDERGARTEN,瑪歌瑞特國際幼稚園,edb_610623000113,幼稚園,九龍城區,MAGART INTERNATIONAL KINDERGARTEN
MAGART INTERNATIONAL KINDERGARTEN,瑪歌瑞特國際幼稚園,edb_610623000112,幼稚園,九龍城區,MAGART INTERNATIONAL KINDERGARTEN
MAGART INTERNATIONAL KINDERGARTEN (FANLING),瑪歌瑞特國際幼稚園(粉嶺),edb_566241000113,幼稚園,北區,MAGART INTERNATIONAL KINDERGARTEN
MAGART INTERNATIONAL KINDERGARTEN (FANLING),瑪歌瑞特國際幼稚園(粉嶺),edb_566241000111,幼稚園,北區,MAGART INTERNATIONAL KINDERGARTEN
MAGART INTERNATIONAL KINDERGARTEN (FANLING),瑪歌瑞特國際幼稚園(粉嶺),edb_566241000112,幼稚園,北區,MAGART INTERNATIONAL KINDERGARTEN
MAGART INTERNATIONAL KINDERGARTEN (KORNHILL),瑪歌瑞特國際幼稚園(康怡),edb_215767000111,幼稚園,東區,MAGART INTERNATIONAL KINDERGARTEN
MAGART INTERNATIONAL KINDERGARTEN (KORNHILL),瑪歌瑞特國際幼稚園(康怡),edb_215767000112,幼稚園,東區,MAGART INTERNATIONAL KINDERGARTEN
MAPLE BEAR CANADIAN INTERNATIONAL KINDERGARTEN,楓葉小熊加拿大國際幼稚園,edb_613665000111,幼稚園,西貢區,MAPLE BEAR CANADIAN INTERNATIONAL KINDERGARTEN
MAPLE BEAR CANADIAN INTERNATIONAL KINDERGARTEN,楓葉小熊加拿大國際幼稚園,edb_613665000113,幼稚園,西貢區,MAPLE BEAR CANADIAN INTERNATIONAL KINDERGARTEN
MAPLE BEAR CANADIAN INTERNATIONAL KINDERGARTEN,楓葉小熊加拿大國際幼稚園,edb_613665000112,幼稚園,西貢區,MAPLE BEAR CANADIAN INTERNATIONAL KINDERGARTEN
MAPLE BEAR CANADIAN INTERNATIONAL KINDERGARTEN (LOHAS),楓葉小熊加拿大國際幼稚園(康城),edb_616311000112,幼稚園,西貢區,MAPLE BEAR CANADIAN INTERNATIONAL KINDERGARTEN
MAPLE BEAR CANADIAN INTERNATIONAL KINDERGARTEN (LOHAS),楓葉小熊加拿大國際幼稚園(康城),edb_616311000111,幼稚園,西貢區,MAPLE BEAR CANADIAN INTERNATIONAL KINDERGARTEN
MAPLE BEAR CANADIAN INTERNATIONAL KINDERGARTEN (YAU TONG),楓葉小熊加拿大國際幼稚園(油塘),edb_593788000112,幼稚園,觀塘區,MAPLE BEAR CANADIAN INTERNATIONAL KINDERGARTEN
MAPLE BEAR CANADIAN INTERNATIONAL KINDERGARTEN (YAU TONG),楓葉小熊加拿大國際幼稚園(油塘),edb_593788000111,幼稚園,觀塘區,MAPLE BEAR CANADIAN INTERNATIONAL KINDERGARTEN
MASS INTERNATIONAL PRESCHOOL,善行國際幼稚園,edb_600334000211,幼稚園,灣仔區,MASS INTERNATIONAL PRESCHOOL
MASS INTERNATIONAL PRESCHOOL,善行國際幼稚園,edb_600334000212,幼稚園,灣仔區,MASS INTERNATIONAL PRESCHOOL
MIGHTY OAKS INTERNATIONAL KINDERGARTEN,奧恩國際幼稚園,edb_603643000111,幼稚園,中西區,MIGHTY OAKS INTERNATIONAL KINDERGARTEN
MIGHTY OAKS INTERNATIONAL KINDERGARTEN,奧恩國際幼稚園,edb_603643000112,幼稚園,中西區,MIGHTY OAKS INTERNATIONAL KINDERGARTEN
MING WAI INTERNATIONAL KINDERGARTEN,明慧國際幼稚園,edb_566977000111,幼稚園,東區,MING WAI INTERNATIONAL KINDERGARTEN
MING WAI INTERNATIONAL KINDERGARTEN,明慧國際幼稚園,edb_566977000112,幼稚園,東區,MING WAI INTERNATIONAL KINDERGARTEN
MING WAI INTERNATIONAL KINDERGARTEN,明慧國際幼稚園,edb_566977000113,幼稚園,東區,MING WAI INTERNATIONAL KINDERGARTEN
MING WAI INTERNATIONAL KINDERGARTEN (NORTH POINT BRANCH),明慧國際幼稚園（北角分校）,edb_567329000112,幼稚園,東區,MING WAI INTERNATIONAL KINDERGARTEN
MING WAI INTERNATIONAL KINDERGARTEN (NORTH POINT BRANCH),明慧國際幼稚園（北角分校）,edb_567329000111,幼稚園,東區,MING WAI INTERNATIONAL KINDERGARTEN
MING WAI INTERNATIONAL KINDERGARTEN (NORTH POINT BRANCH),明慧國際幼稚園（北角分校）,edb_567329000113,幼稚園,東區,MING WAI INTERNATIONAL KINDERGARTEN
MING WAI INTERNATIONAL KINDERGARTEN (PRINCE EDWARD BRANCH),明慧國際幼稚園(太子分校),edb_583421000112,幼稚園,油尖旺區,MING WAI INTERNATIONAL KINDERGARTEN
MING WAI INTERNATIONAL KINDERGARTEN (PRINCE EDWARD BRANCH),明慧國際幼稚園(太子分校),edb_583421000111,幼稚園,油尖旺區,MING WAI INTERNATIONAL KINDERGARTEN
MING WAI INTERNATIONAL KINDERGARTEN (PRINCE EDWARD BRANCH),明慧國際幼稚園(太子分校),edb_583421000113,幼稚園,油尖旺區,MING WAI INTERNATIONAL KINDERGARTEN
MINK INTERNATIONAL PRE-SCHOOL,明雅國際幼兒學校,edb_567027000111,幼稚園,大埔區,MINK INTERNATIONAL PRE
MINK INTERNATIONAL PRE-SCHOOL,明雅國際幼兒學校,edb_567027000112,幼稚園,大埔區,MINK INTERNATIONAL PRE
MINK INTERNATIONAL PRE-SCHOOL,明雅國際幼兒學校,edb_567027000113,幼稚園,大埔區,MINK INTERNATIONAL PRE
MULBERRY HOUSE INTERNATIONAL KINDERGARTEN,懋柏禮國際幼稚園,edb_601721000112,幼稚園,大埔區,MULBERRY HOUSE INTERNATIONAL KINDERGARTEN
MULBERRY HOUSE INTERNATIONAL KINDERGARTEN,懋柏禮國際幼稚園,edb_601721000111,幼稚園,大埔區,MULBERRY HOUSE INTERNATIONAL KINDERGARTEN
MULBERRY HOUSE INTERNATIONAL KINDERGARTEN SOUTHSIDE,MULBERRY HOUSE INTERNATIONAL KINDERGARTEN SOUTHSIDE,edb_578053000112,幼稚園,南區,MULBERRY HOUSE INTERNATIONAL KINDERGARTEN SOUTHSIDE
MULBERRY HOUSE INTERNATIONAL KINDERGARTEN SOUTHSIDE,MULBERRY HOUSE INTERNATIONAL KINDERGARTEN SOUTHSIDE,edb_578053000111,幼稚園,南區,MULBERRY HOUSE INTERNATIONAL KINDERGARTEN SOUTHSIDE
MULBERRY TREE INTERNATIONAL KINDERGARTEN,童樂天國際幼稚園,edb_598054000111,幼稚園,沙田區,MULBERRY TREE INTERNATIONAL KINDERGARTEN
MULBERRY TREE INTERNATIONAL KINDERGARTEN,童樂天國際幼稚園,edb_598054000112,幼稚園,沙田區,MULBERRY TREE INTERNATIONAL KINDERGARTEN
MYNORS INTERNATIONAL KINDERGARTEN,麥克萊國際幼稚園,edb_601250000111,幼稚園,北區,MYNORS INTERNATIONAL KINDERGARTEN
MYNORS INTERNATIONAL KINDERGARTEN,麥克萊國際幼稚園,edb_601250000112,幼稚園,北區,MYNORS INTERNATIONAL KINDERGARTEN
MYNORS INTERNATIONAL KINDERGARTEN,麥克萊國際幼稚園,edb_601250000113,幼稚園,北區,MYNORS INTERNATIONAL KINDERGARTEN
NORD ANGLIA INTERNATIONAL PRE-SCHOOL (SAI KUNG),NORD ANGLIA INTERNATIONAL PRE-SCHOOL (SAI KUNG),edb_608475000112,幼稚園,西貢區,NORD ANGLIA INTERNATIONAL PRE
NORD ANGLIA INTERNATIONAL PRE-SCHOOL (SAI KUNG),NORD ANGLIA INTERNATIONAL PRE-SCHOOL (SAI KUNG),edb_608475000111,幼稚園,西貢區,NORD ANGLIA INTERNATIONAL PRE
PARKVIEW INTERNATIONAL PRE-SCHOOL,栢基國際幼稚園,edb_215937000112,幼稚園,南區,PARKVIEW INTERNATIONAL PRE
PARKVIEW INTERNATIONAL PRE-SCHOOL,栢基國際幼稚園,edb_215937000111,幼稚園,南區,PARKVIEW INTERNATIONAL PRE
PARKVIEW INTERNATIONAL PRE-SCHOOL (KOWLOON),栢基國際幼稚園(九龍),edb_571490000113,幼稚園,油尖旺區,PARKVIEW INTERNATIONAL PRE
PARKVIEW INTERNATIONAL PRE-SCHOOL (KOWLOON),栢基國際幼稚園(九龍),edb_571490000111,幼稚園,油尖旺區,PARKVIEW INTERNATIONAL PRE
PARKVIEW INTERNATIONAL PRE-SCHOOL (KOWLOON),栢基國際幼稚園(九龍),edb_571490000112,幼稚園,油尖旺區,PARKVIEW INTERNATIONAL PRE
PUI KIU INTERNATIONAL KINDERGARTEN,培僑國際幼稚園,edb_613916000112,幼稚園,沙田區,PUI KIU INTERNATIONAL KINDERGARTEN
PUI KIU INTERNATIONAL KINDERGARTEN,培僑國際幼稚園,edb_613916000111,幼稚園,沙田區,PUI KIU INTERNATIONAL KINDERGARTEN
PUI KIU INTERNATIONAL KINDERGARTEN (PICTORIAL GARDEN),培僑國際幼稚園(碧濤花園),edb_622389000112,幼稚園,沙田區,PUI KIU INTERNATIONAL KINDERGARTEN
PUI KIU INTERNATIONAL KINDERGARTEN (PICTORIAL GARDEN),培僑國際幼稚園(碧濤花園),edb_622389000113,幼稚園,沙田區,PUI KIU INTERNATIONAL KINDERGARTEN
PUI KIU INTERNATIONAL KINDERGARTEN (PICTORIAL GARDEN),培僑國際幼稚園(碧濤花園),edb_622389000111,幼稚園,沙田區,PUI KIU INTERNATIONAL KINDERGARTEN
SAINT BRIGIT INTERNATIONAL KINDERGARTEN,聖姬莉國際幼稚園,edb_597538000211,幼稚園,九龍城區,SAINT BRIGIT INTERNATIONAL KINDERGARTEN
SAINT BRIGIT INTERNATIONAL KINDERGARTEN,聖姬莉國際幼稚園,edb_597538000212,幼稚園,九龍城區,SAINT BRIGIT INTERNATIONAL KINDERGARTEN
SEAR ROGERS INTERNATIONAL SCHOOL,弘爵國際學校,edb_534579000123,小學,荃灣區,SEAR ROGERS INTERNATIONAL SCHOOL
SEAR ROGERS INTERNATIONAL SCHOOL,弘爵國際學校,edb_534579000133,中學,荃灣區,SEAR ROGERS INTERNATIONAL SCHOOL
SINGAPORE INTERNATIONAL SCHOOL (HONG KONG),新加坡國際學校,edb_216003000223,小學,南區,SINGAPORE INTERNATIONAL SCHOOL
SINGAPORE INTERNATIONAL SCHOOL (HONG KONG),新加坡國際學校,edb_216003000433,中學,南區,SINGAPORE INTERNATIONAL SCHOOL
ST. CATHERINE'S INTERNATIONAL KINDERGARTEN,國際英文幼稚園,edb_215120000111,幼稚園,九龍城區,ST. CATHERINE'S INTERNATIONAL KINDERGARTEN
ST. CATHERINE'S INTERNATIONAL KINDERGARTEN,國際英文幼稚園,edb_215120000211,幼稚園,九龍城區,ST. CATHERINE'S INTERNATIONAL KINDERGARTEN
ST. CATHERINE'S INTERNATIONAL KINDERGARTEN,國際英文幼稚園,edb_215120000212,幼稚園,九龍城區,ST. CATHERINE'S INTERNATIONAL KINDERGARTEN
ST. CATHERINE'S INTERNATIONAL KINDERGARTEN,國際英文幼稚園,edb_215120000112,幼稚園,九龍城區,ST. CATHERINE'S INTERNATIONAL KINDERGARTEN
THE INTERNATIONAL MONTESSORI SCHOOL - AN IMEF SCHOOL,蒙特梭利國際學校,edb_548430000623,小學,南區,THE INTERNATIONAL MONTESSORI SCHOOL
THE INTERNATIONAL MONTESSORI SCHOOL - AN IMEF SCHOOL,蒙特梭利國際學校,edb_548430000633,中學,南區,THE INTERNATIONAL MONTESSORI SCHOOL
THE INTERNATIONAL MONTESSORI SCHOOL - AN IMEF SCHOOL,蒙特梭利國際學校,edb_548430000311,幼稚園,南區,THE INTERNATIONAL MONTESSORI SCHOOL
THE INTERNATIONAL MONTESSORI SCHOOL - AN IMEF SCHOOL,蒙特梭利國際學校,edb_548430000312,幼稚園,南區,THE INTERNATIONAL MONTESSORI SCHOOL
THE INTERNATIONAL MONTESSORI SCHOOL - AN IMEF SCHOOL,蒙特梭利國際學校,edb_548430000711,幼稚園,南區,THE INTERNATIONAL MONTESSORI SCHOOL
THE INTERNATIONAL MONTESSORI SCHOOL - AN IMEF SCHOOL,蒙特梭利國際學校,edb_548430000411,幼稚園,南區,THE INTERNATIONAL MONTESSORI SCHOOL
THE INTERNATIONAL MONTESSORI SCHOOL - AN IMEF SCHOOL,蒙特梭利國際學校,edb_548430000412,幼稚園,南區,THE INTERNATIONAL MONTESSORI SCHOOL
THINK INTERNATIONAL KINDERGARTEN,朗思國際幼稚園,edb_216267000111,幼稚園,觀塘區,THINK INTERNATIONAL KINDERGARTEN
THINK INTERNATIONAL KINDERGARTEN,朗思國際幼稚園,edb_216267000113,幼稚園,觀塘區,THINK INTERNATIONAL KINDERGARTEN
THINK INTERNATIONAL KINDERGARTEN,朗思國際幼稚園,edb_216267000112,幼稚園,觀塘區,THINK INTERNATIONAL KINDERGARTEN
THINK INTERNATIONAL KINDERGARTEN (MA ON SHAN),朗思國際幼稚園（馬鞍山）,edb_533360000212,幼稚園,沙田區,THINK INTERNATIONAL KINDERGARTEN
THINK INTERNATIONAL KINDERGARTEN (MA ON SHAN),朗思國際幼稚園（馬鞍山）,edb_533360000211,幼稚園,沙田區,THINK INTERNATIONAL KINDERGARTEN
THINK INTERNATIONAL KINDERGARTEN (MA ON SHAN),朗思國際幼稚園（馬鞍山）,edb_533360000213,幼稚園,沙田區,THINK INTERNATIONAL KINDERGARTEN
THINK INTERNATIONAL KINDERGARTEN (NAM CHEONG),朗思國際幼稚園(南昌),edb_612782000113,幼稚園,深水埗區,THINK INTERNATIONAL KINDERGARTEN
THINK INTERNATIONAL KINDERGARTEN (NAM CHEONG),朗思國際幼稚園(南昌),edb_612782000111,幼稚園,深水埗區,THINK INTERNATIONAL KINDERGARTEN
THINK INTERNATIONAL KINDERGARTEN (NAM CHEONG),朗思國際幼稚園(南昌),edb_612782000112,幼稚園,深水埗區,THINK INTERNATIONAL KINDERGARTEN
TOPKIDS INTERNATIONAL KINDERGARTEN (YUEN LONG),德怡國際幼稚園(元朗),edb_602000000113,幼稚園,元朗區,TOPKIDS INTERNATIONAL KINDERGARTEN
TOPKIDS INTERNATIONAL KINDERGARTEN (YUEN LONG),德怡國際幼稚園（元朗）,edb_602000000112,幼稚園,元朗區,TOPKIDS INTERNATIONAL KINDERGARTEN
TOPKIDS INTERNATIONAL KINDERGARTEN (YUEN LONG),德怡國際幼稚園（元朗）,edb_602000000111,幼稚園,元朗區,TOPKIDS INTERNATIONAL KINDERGARTEN
TUTOR TIME BRAEMAR HILL INTERNATIONAL KINDERGARTEN,多多寶馬山國際幼稚園,edb_575852000112,幼稚園,東區,TUTOR TIME BRAEMAR HILL INTERNATIONAL KINDERGARTEN
TUTOR TIME BRAEMAR HILL INTERNATIONAL KINDERGARTEN,多多寶馬山國際幼稚園,edb_575852000111,幼稚園,東區,TUTOR TIME BRAEMAR HILL INTERNATIONAL KINDERGARTEN
TUTOR TIME INTERNATIONAL KINDERGARTEN (KOWLOON TONG),多多國際幼稚園（九龍塘）,edb_542504000111,幼稚園,九龍城區,TUTOR TIME INTERNATIONAL KINDERGARTEN
TUTOR TIME INTERNATIONAL KINDERGARTEN (KOWLOON TONG),多多國際幼稚園（九龍塘）,edb_542504000112,幼稚園,九龍城區,TUTOR TIME INTERNATIONAL KINDERGARTEN
TUTOR TIME INTERNATIONAL KINDERGARTEN (MID LEVELS),多多國際幼稚園（半山）,edb_593133000111,幼稚園,中西區,TUTOR TIME INTERNATIONAL KINDERGARTEN
TUTOR TIME INTERNATIONAL KINDERGARTEN (MID LEVELS),多多國際幼稚園（半山）,edb_593133000112,幼稚園,中西區,TUTOR TIME INTERNATIONAL KINDERGARTEN
TUTOR TIME INTERNATIONAL KINDERGARTEN (YOHO),多多國際幼稚園（形點）,edb_605794000111,幼稚園,元朗區,TUTOR TIME INTERNATIONAL KINDERGARTEN
TUTOR TIME INTERNATIONAL KINDERGARTEN (YOHO),多多國際幼稚園（形點）,edb_605794000112,幼稚園,元朗區,TUTOR TIME INTERNATIONAL KINDERGARTEN
WELLCOME INTERNATIONAL KINDERGARTEN,宏廣國際幼稚園,edb_590401000111,幼稚園,屯門區,WELLCOME INTERNATIONAL KINDERGARTEN
WELLCOME INTERNATIONAL KINDERGARTEN,宏廣國際幼稚園,edb_590401000113,幼稚園,屯門區,WELLCOME INTERNATIONAL KINDERGARTEN
WELLCOME INTERNATIONAL KINDERGARTEN,宏廣國際幼稚園,edb_590401000112,幼稚園,屯門區,WELLCOME INTERNATIONAL KINDERGARTEN
WILDERNESS INTERNATIONAL KINDERGARTEN,WILDERNESS INTERNATIONAL KINDERGARTEN,edb_607215000111,幼稚園,中西區,WILDERNESS INTERNATIONAL KINDERGARTEN
WILDERNESS INTERNATIONAL KINDERGARTEN,WILDERNESS INTERNATIONAL KINDERGARTEN,edb_607215000112,幼稚園,中西區,WILDERNESS INTERNATIONAL KINDERGARTEN
YEW CHUNG INTERNATIONAL CHILDREN'S HOUSE (KENT ROAD),耀中國際幼稚園（根德道）,edb_566128000111,幼稚園,九龍城區,YEW CHUNG INTERNATIONAL CHILDREN'S HOUSE
YEW CHUNG INTERNATIONAL CHILDREN'S HOUSE (KENT ROAD),耀中國際幼稚園（根德道）,edb_566128000113,幼稚園,九龍城區,YEW CHUNG INTERNATIONAL CHILDREN'S HOUSE
YEW CHUNG INTERNATIONAL CHILDREN'S HOUSE (KENT ROAD),耀中國際幼稚園（根德道）,edb_566128000112,幼稚園,九龍城區,YEW CHUNG INTERNATIONAL CHILDREN'S HOUSE
YEW CHUNG INTERNATIONAL CHILDREN'S HOUSE (WATERLOO ROAD),耀中國際幼稚園（窩打老道）,edb_566110000113,幼稚園,九龍城區,YEW CHUNG INTERNATIONAL CHILDREN'S HOUSE
YEW CHUNG INTERNATIONAL KINDERGARTEN (TSEUNG KWAN O),耀中國際幼稚園(將軍澳),edb_613517000111,幼稚園,西貢區,YEW CHUNG INTERNATIONAL KINDERGARTEN
YEW CHUNG INTERNATIONAL KINDERGARTEN (TSEUNG KWAN O),耀中國際幼稚園(將軍澳),edb_613517000112,幼稚園,西貢區,YEW CHUNG INTERNATIONAL KINDERGARTEN
YEW CHUNG INTERNATIONAL KINDERGARTEN (TSEUNG KWAN O),耀中國際幼稚園(將軍澳),edb_613517000113,幼稚園,西貢區,YEW CHUNG INTERNATIONAL KINDERGARTEN
YORK INTERNATIONAL KINDERGARTEN,約克國際幼稚園,edb_581852000111,幼稚園,九龍城區,YORK INTERNATIONAL KINDERGARTEN
YORK INTERNATIONAL KINDERGARTEN,約克國際幼稚園,edb_581852000112,幼稚園,九龍城區,YORK INTERNATIONAL KINDERGARTEN
YORK INTERNATIONAL KINDERGARTEN,約克國際幼稚園,edb_581852000311,幼稚園,九龍城區,YORK INTERNATIONAL KINDERGARTEN
YORK INTERNATIONAL KINDERGARTEN,約克國際幼稚園,edb_581852000312,幼稚園,九龍城區,YORK INTERNATIONAL KINDERGARTEN
YORK INTERNATIONAL PRE-SCHOOL,YORK INTERNATIONAL PRE-SCHOOL,edb_578479000111,幼稚園,九龍城區,YORK INTERNATIONAL PRE
YORK INTERNATIONAL PRE-SCHOOL,YORK INTERNATIONAL PRE-SCHOOL,edb_578479000112,幼稚園,九龍城區,YORK INTERNATIONAL PRE
YORK INTERNATIONAL PRE-SCHOOL (TUEN MUN),YORK INTERNATIONAL PRE-SCHOOL (TUEN MUN),edb_616990000112,幼稚園,屯門區,YORK INTERNATIONAL PRE
YORK INTERNATIONAL PRE-SCHOOL (TUEN MUN),YORK INTERNATIONAL PRE-SCHOOL (TUEN MUN),edb_616990000113,幼稚園,屯門區,YORK INTERNATIONAL PRE
YORK INTERNATIONAL PRE-SCHOOL (TUEN MUN),YORK INTERNATIONAL PRE-SCHOOL (TUEN MUN),edb_616990000111,幼稚園,屯門區,YORK INTERNATIONAL PRE
YORK INTERNATIONAL PRE-SCHOOL (WETLAND),YORK INTERNATIONAL PRE-SCHOOL (WETLAND),edb_621480000112,幼稚園,元朗區,YORK INTERNATIONAL PRE
YORK INTERNATIONAL PRE-SCHOOL (WETLAND),YORK INTERNATIONAL PRE-SCHOOL (WETLAND),edb_621480000113,幼稚園,元朗區,YORK INTERNATIONAL PRE
YORK INTERNATIONAL PRE-SCHOOL (WETLAND),YORK INTERNATIONAL PRE-SCHOOL (WETLAND),edb_621480000111,幼稚園,元朗區,YORK INTERNATIONAL PRE
YORK MONTESSORI INTERNATIONAL PRE-SCHOOL (MEI FOO),YORK MONTESSORI INTERNATIONAL PRE-SCHOOL (MEI FOO),edb_604615000113,幼稚園,深水埗區,YORK MONTESSORI INTERNATIONAL PRE
YORK MONTESSORI INTERNATIONAL PRE-SCHOOL (MEI FOO),YORK MONTESSORI INTERNATIONAL PRE-SCHOOL (MEI FOO),edb_604615000112,幼稚園,深水埗區,YORK MONTESSORI INTERNATIONAL PRE
YORK MONTESSORI INTERNATIONAL PRE-SCHOOL (MEI FOO),YORK MONTESSORI INTERNATIONAL PRE-SCHOOL (MEI FOO),edb_604615000111,幼稚園,深水埗區,YORK MONTESSORI INTERNATIONAL PRE
YORK MONTESSORI INTERNATIONAL PRE-SCHOOL (TSEUNG KWAN O),YORK MONTESSORI INTERNATIONAL PRE-SCHOOL (TSEUNG KWAN O),edb_609749000112,幼稚園,西貢區,YORK MONTESSORI INTERNATIONAL PRE
YORK MONTESSORI INTERNATIONAL PRE-SCHOOL (TSEUNG KWAN O),YORK MONTESSORI INTERNATIONAL PRE-SCHOOL (TSEUNG KWAN O),edb_609749000111,幼稚園,西貢區,YORK MONTESSORI INTERNATIONAL PRE
YORK MONTESSORI INTERNATIONAL PRE-SCHOOL (YUEN LONG),YORK MONTESSORI INTERNATIONAL PRE-SCHOOL (YUEN LONG),edb_605441000112,幼稚園,元朗區,YORK MONTESSORI INTERNATIONAL PRE
YORK MONTESSORI INTERNATIONAL PRE-SCHOOL (YUEN LONG),YORK MONTESSORI INTERNATIONAL PRE-SCHOOL (YUEN LONG),edb_605441000111,幼稚園,元朗區,YORK MONTESSORI INTERNATIONAL PRE
ZEBEDEE INTERNATIONAL PRESCHOOL,思百德國際幼稚園,edb_573973000112,幼稚園,大埔區,ZEBEDEE INTERNATIONAL PRESCHOOL
ZEBEDEE INTERNATIONAL PRESCHOOL,思百德國際幼稚園,edb_573973000111,幼稚園,大埔區,ZEBEDEE INTERNATIONAL PRESCHOOL